latitude,longitude,elevation,utc_offset_seconds,timezone,timezone_abbreviation
55.92267,-3.1288147,74.0,0,GMT,GMT

time,wind_direction_10m (°),wind_direction_100m (°),wind_speed_100m (km/h),wind_speed_10m (km/h)
2024-12-01T00:00,187,189,52.7,33.6
2024-12-01T01:00,189,191,52.1,33.2
2024-12-01T02:00,193,195,51.1,32.7
2024-12-01T03:00,197,198,45.5,29.0
2024-12-01T04:00,203,204,40.6,25.1
2024-12-01T05:00,207,208,34.1,20.7
2024-12-01T06:00,201,205,30.2,17.8
2024-12-01T07:00,206,210,29.5,17.1
2024-12-01T08:00,197,203,29.9,17.4
2024-12-01T09:00,201,205,30.3,17.5
2024-12-01T10:00,204,207,30.6,17.9
2024-12-01T11:00,211,213,30.2,18.2
2024-12-01T12:00,211,212,26.8,16.6
2024-12-01T13:00,223,224,31.7,20.2
2024-12-01T14:00,222,223,28.4,17.6
2024-12-01T15:00,220,221,26.5,15.7
2024-12-01T16:00,218,221,24.9,14.0
2024-12-01T17:00,218,222,24.9,14.0
2024-12-01T18:00,213,217,24.8,13.5
2024-12-01T19:00,213,216,25.4,14.0
2024-12-01T20:00,225,225,28.0,15.8
2024-12-01T21:00,236,238,26.6,15.4
2024-12-01T22:00,236,242,23.6,13.2
2024-12-01T23:00,236,242,25.5,14.3
2024-12-02T00:00,241,245,26.0,15.0
2024-12-02T01:00,241,248,23.1,13.1
2024-12-02T02:00,240,249,22.8,12.4
2024-12-02T03:00,271,275,24.6,14.0
2024-12-02T04:00,331,337,28.5,17.5
2024-12-02T05:00,11,14,28.6,18.4
2024-12-02T06:00,3,9,24.9,15.5
2024-12-02T07:00,340,347,23.1,14.2
2024-12-02T08:00,349,353,26.8,16.5
2024-12-02T09:00,340,344,28.2,17.6
2024-12-02T10:00,329,333,26.0,16.8
2024-12-02T11:00,319,324,25.3,16.6
2024-12-02T12:00,318,322,22.7,15.0
2024-12-02T13:00,324,325,23.3,16.1
2024-12-02T14:00,316,318,21.0,14.4
2024-12-02T15:00,316,319,20.8,13.6
2024-12-02T16:00,301,309,19.5,11.8
2024-12-02T17:00,290,300,18.6,10.7
2024-12-02T18:00,282,300,17.9,10.3
2024-12-02T19:00,293,312,15.0,8.6
2024-12-02T20:00,344,358,10.1,5.2
2024-12-02T21:00,30,32,17.8,11.1
2024-12-02T22:00,37,37,23.3,14.8
2024-12-02T23:00,40,40,22.1,13.2
2024-12-03T00:00,37,37,16.6,8.7
2024-12-03T01:00,16,20,11.9,5.8
2024-12-03T02:00,13,19,11.4,5.0
2024-12-03T03:00,354,11,6.4,1.6
2024-12-03T04:00,233,319,1.9,0.9
2024-12-03T05:00,225,22,1.9,0.3
2024-12-03T06:00,198,63,1.6,0.6
2024-12-03T07:00,180,121,3.8,2.5
2024-12-03T08:00,185,145,5.3,3.8
2024-12-03T09:00,178,160,9.8,6.3
2024-12-03T10:00,168,165,15.5,7.2
2024-12-03T11:00,190,186,17.6,6.4
2024-12-03T12:00,166,176,26.0,11.9
2024-12-03T13:00,177,180,20.3,12.3
2024-12-03T14:00,185,189,21.3,12.3
2024-12-03T15:00,184,189,23.7,13.5
2024-12-03T16:00,184,186,28.8,16.8
2024-12-03T17:00,188,190,31.3,18.2
2024-12-03T18:00,197,198,30.8,18.1
2024-12-03T19:00,201,204,33.6,19.3
2024-12-03T20:00,212,212,36.1,21.3
2024-12-03T21:00,218,219,42.1,25.8
2024-12-03T22:00,224,226,41.8,25.6
2024-12-03T23:00,237,241,41.8,25.8
2024-12-04T00:00,256,261,36.1,22.3
2024-12-04T01:00,260,266,31.2,18.4
2024-12-04T02:00,248,258,27.5,14.7
2024-12-04T03:00,237,249,28.8,14.6
2024-12-04T04:00,235,249,28.3,14.2
2024-12-04T05:00,229,247,27.0,13.5
2024-12-04T06:00,218,239,26.3,14.0
2024-12-04T07:00,220,233,29.8,16.1
2024-12-04T08:00,225,236,29.9,15.4
2024-12-04T09:00,219,233,26.2,13.7
2024-12-04T10:00,210,220,27.9,14.6
2024-12-04T11:00,191,199,26.9,14.1
2024-12-04T12:00,182,187,28.5,16.4
2024-12-04T13:00,166,171,24.2,15.4
2024-12-04T14:00,164,170,30.2,18.7
2024-12-04T15:00,166,171,36.4,22.0
2024-12-04T16:00,165,168,44.7,27.2
2024-12-04T17:00,167,167,54.1,33.8
2024-12-04T18:00,166,170,55.0,34.4
2024-12-04T19:00,174,177,55.7,35.1
2024-12-04T20:00,179,182,60.7,38.5
2024-12-04T21:00,189,191,61.3,38.6
2024-12-04T22:00,200,202,51.2,31.9
2024-12-04T23:00,202,205,36.3,21.9
2024-12-05T00:00,215,219,35.5,21.2
2024-12-05T01:00,220,222,36.1,21.3
2024-12-05T02:00,231,235,34.0,20.2
2024-12-05T03:00,244,247,35.2,21.5
2024-12-05T04:00,241,245,31.7,19.3
2024-12-05T05:00,247,251,35.5,21.4
2024-12-05T06:00,246,248,38.3,23.6
2024-12-05T07:00,245,249,33.6,20.6
2024-12-05T08:00,246,249,34.6,21.4
2024-12-05T09:00,241,245,30.3,17.9
2024-12-05T10:00,230,235,29.8,17.7
2024-12-05T11:00,225,228,31.3,19.6
2024-12-05T12:00,214,216,27.7,17.1
2024-12-05T13:00,202,203,30.7,19.4
2024-12-05T14:00,203,205,30.8,18.1
2024-12-05T15:00,208,210,40.2,24.6
2024-12-05T16:00,199,206,26.9,13.7
2024-12-05T17:00,241,242,22.9,9.4
2024-12-05T18:00,258,263,42.8,26.7
2024-12-05T19:00,266,269,42.7,26.5
2024-12-05T20:00,276,278,47.1,30.2
2024-12-05T21:00,284,287,43.2,27.3
2024-12-05T22:00,277,280,45.7,29.0
2024-12-05T23:00,272,275,45.5,29.0
2024-12-06T00:00,275,279,46.8,29.4
2024-12-06T01:00,274,279,43.9,27.4
2024-12-06T02:00,270,274,42.4,26.6
2024-12-06T03:00,271,275,40.5,25.2
2024-12-06T04:00,271,276,35.8,21.8
2024-12-06T05:00,267,273,32.6,19.5
2024-12-06T06:00,262,267,36.2,21.6
2024-12-06T07:00,255,262,34.3,19.4
2024-12-06T08:00,246,256,35.3,19.8
2024-12-06T09:00,237,250,30.5,16.5
2024-12-06T10:00,232,242,28.7,15.7
2024-12-06T11:00,238,245,25.9,14.1
2024-12-06T12:00,226,233,24.0,13.5
2024-12-06T13:00,211,215,22.7,12.6
2024-12-06T14:00,185,192,20.8,11.2
2024-12-06T15:00,171,178,23.8,12.8
2024-12-06T16:00,163,167,26.4,15.6
2024-12-06T17:00,151,156,29.1,17.1
2024-12-06T18:00,130,137,36.2,22.2
2024-12-06T19:00,111,122,34.1,22.0
2024-12-06T20:00,105,119,34.7,21.8
2024-12-06T21:00,109,131,29.7,17.5
2024-12-06T22:00,82,115,20.9,12.0
2024-12-06T23:00,95,128,23.0,13.0
2024-12-07T00:00,91,131,18.0,8.5
2024-12-07T01:00,85,116,14.4,8.1
2024-12-07T02:00,74,115,13.5,7.1
2024-12-07T03:00,27,40,15.6,11.4
2024-12-07T04:00,17,20,25.6,15.3
2024-12-07T05:00,2,9,27.0,16.7
2024-12-07T06:00,341,345,40.0,25.6
2024-12-07T07:00,352,356,55.2,35.3
2024-12-07T08:00,350,353,53.1,34.2
2024-12-07T09:00,343,346,48.3,31.0
2024-12-07T10:00,342,344,50.5,32.8
2024-12-07T11:00,338,341,45.1,29.4
2024-12-07T12:00,323,327,44.5,28.8
2024-12-07T13:00,326,329,48.1,31.6
2024-12-07T14:00,324,327,50.2,32.6
2024-12-07T15:00,314,320,44.7,28.5
2024-12-07T16:00,312,318,43.2,27.5
2024-12-07T17:00,313,319,42.7,27.1
2024-12-07T18:00,318,323,44.0,28.0
2024-12-07T19:00,327,331,44.9,28.7
2024-12-07T20:00,343,345,51.8,33.7
2024-12-07T21:00,345,348,52.4,33.7
2024-12-07T22:00,347,349,50.5,32.6
2024-12-07T23:00,349,351,49.4,31.6
2024-12-08T00:00,346,349,46.4,29.5
2024-12-08T01:00,340,343,37.9,24.1
2024-12-08T02:00,342,346,33.2,20.2
2024-12-08T03:00,344,349,31.5,19.1
2024-12-08T04:00,343,348,30.9,18.4
2024-12-08T05:00,347,351,35.0,21.4
2024-12-08T06:00,345,348,36.9,23.0
2024-12-08T07:00,339,345,33.0,20.2
2024-12-08T08:00,344,347,39.1,24.7
2024-12-08T09:00,349,352,39.6,25.1
2024-12-08T10:00,355,357,39.5,25.5
2024-12-08T11:00,354,358,38.4,24.6
2024-12-08T12:00,357,360,40.3,26.3
2024-12-08T13:00,353,356,38.4,25.1
2024-12-08T14:00,354,357,39.1,25.5
2024-12-08T15:00,357,1,37.1,23.6
2024-12-08T16:00,8,11,39.2,25.3
2024-12-08T17:00,11,14,41.3,26.8
2024-12-08T18:00,12,14,39.6,25.8
2024-12-08T19:00,16,19,38.9,25.1
2024-12-08T20:00,18,20,36.0,23.2
2024-12-08T21:00,13,15,32.7,21.1
2024-12-08T22:00,14,17,34.6,22.3
2024-12-08T23:00,14,17,36.5,23.8
2024-12-09T00:00,13,16,36.6,23.4
2024-12-09T01:00,12,15,33.4,20.8
2024-12-09T02:00,16,19,32.2,20.0
2024-12-09T03:00,14,18,32.0,19.9
2024-12-09T04:00,16,20,29.3,18.0
2024-12-09T05:00,16,20,28.8,17.6
2024-12-09T06:00,18,23,28.5,17.0
2024-12-09T07:00,7,13,25.0,15.2
2024-12-09T08:00,358,4,23.5,13.9
2024-12-09T09:00,2,8,21.8,13.0
2024-12-09T10:00,3,9,20.4,12.8
2024-12-09T11:00,10,14,18.7,11.7
2024-12-09T12:00,9,13,17.9,11.8
2024-12-09T13:00,8,11,16.3,11.1
2024-12-09T14:00,17,19,15.2,10.1
2024-12-09T15:00,15,21,17.0,10.3
2024-12-09T16:00,13,18,18.4,10.7
2024-12-09T17:00,1,7,19.6,11.3
2024-12-09T18:00,359,7,18.8,11.0
2024-12-09T19:00,8,16,16.6,9.3
2024-12-09T20:00,9,20,15.1,7.7
2024-12-09T21:00,355,15,12.8,6.3
2024-12-09T22:00,332,357,11.7,6.1
2024-12-09T23:00,310,338,10.9,6.1
2024-12-10T00:00,279,317,8.8,5.5
2024-12-10T01:00,277,318,7.0,4.7
2024-12-10T02:00,267,316,5.7,3.8
2024-12-10T03:00,279,316,6.0,3.6
2024-12-10T04:00,293,323,6.6,3.7
2024-12-10T05:00,285,326,5.2,2.8
2024-12-10T06:00,284,309,5.8,3.7
2024-12-10T07:00,268,281,6.4,4.3
2024-12-10T08:00,245,267,3.2,3.0
2024-12-10T09:00,248,282,4.4,3.3
2024-12-10T10:00,253,279,6.9,6.0
2024-12-10T11:00,241,257,6.3,5.2
2024-12-10T12:00,232,229,5.5,4.4
2024-12-10T13:00,257,254,3.2,2.4
2024-12-10T14:00,216,204,3.1,2.4
2024-12-10T15:00,246,223,2.9,1.8
2024-12-10T16:00,246,232,3.2,2.2
2024-12-10T17:00,234,246,3.9,3.1
2024-12-10T18:00,216,228,4.3,4.2
2024-12-10T19:00,229,259,6.6,6.0
2024-12-10T20:00,243,272,10.6,6.7
2024-12-10T21:00,238,272,11.7,7.0
2024-12-10T22:00,232,259,10.3,6.7
2024-12-10T23:00,226,247,8.4,5.7
2024-12-11T00:00,229,241,7.8,6.2
2024-12-11T01:00,252,268,9.9,6.8
2024-12-11T02:00,236,255,8.4,6.7
2024-12-11T03:00,229,238,8.9,7.1
2024-12-11T04:00,232,241,8.2,6.7
2024-12-11T05:00,243,259,7.7,6.4
2024-12-11T06:00,237,253,8.1,6.6
2024-12-11T07:00,235,246,10.2,7.9
2024-12-11T08:00,257,273,10.5,7.0
2024-12-11T09:00,243,263,10.7,7.6
2024-12-11T10:00,240,252,10.8,7.7
2024-12-11T11:00,252,257,10.5,7.2
2024-12-11T12:00,267,266,9.4,6.8
2024-12-11T13:00,258,259,11.4,7.6
2024-12-11T14:00,256,255,11.6,6.7
2024-12-11T15:00,247,249,12.1,7.0
2024-12-11T16:00,239,254,12.2,6.7
2024-12-11T17:00,238,253,11.8,6.8
2024-12-11T18:00,241,260,11.3,6.4
2024-12-11T19:00,236,267,10.8,5.4
2024-12-11T20:00,229,266,9.6,5.2
2024-12-11T21:00,225,256,8.7,5.1
2024-12-11T22:00,223,252,6.8,3.9
2024-12-11T23:00,227,257,5.7,3.4
2024-12-12T00:00,225,238,4.4,3.3
2024-12-12T01:00,242,275,8.8,6.9
2024-12-12T02:00,240,276,8.1,6.1
2024-12-12T03:00,233,269,7.2,5.7
2024-12-12T04:00,236,257,8.7,6.7
2024-12-12T05:00,239,259,9.7,6.9
2024-12-12T06:00,237,251,10.1,7.3
2024-12-12T07:00,237,250,11.5,8.2
2024-12-12T08:00,237,248,14.0,7.5
2024-12-12T09:00,241,247,16.0,8.5
2024-12-12T10:00,242,241,18.1,10.0
2024-12-12T11:00,248,239,16.6,9.7
2024-12-12T12:00,256,242,13.2,8.3
2024-12-12T13:00,254,245,16.0,9.0
2024-12-12T14:00,260,246,13.0,7.3
2024-12-12T15:00,257,244,14.0,7.0
2024-12-12T16:00,240,238,14.2,6.9
2024-12-12T17:00,239,244,14.4,6.9
2024-12-12T18:00,238,251,13.0,6.4
2024-12-12T19:00,241,255,10.8,5.2
2024-12-12T20:00,251,261,9.5,4.4
2024-12-12T21:00,227,255,7.1,2.9
2024-12-12T22:00,209,230,4.5,2.3
2024-12-12T23:00,203,184,2.3,1.4
2024-12-13T00:00,220,180,1.3,1.4
2024-12-13T01:00,221,242,4.7,3.8
2024-12-13T02:00,225,247,5.9,4.1
2024-12-13T03:00,215,236,5.2,3.7
2024-12-13T04:00,216,237,3.6,3.1
2024-12-13T05:00,211,225,3.3,3.1
2024-12-13T06:00,202,217,3.9,3.9
2024-12-13T07:00,193,201,4.6,4.8
2024-12-13T08:00,198,207,6.7,6.3
2024-12-13T09:00,207,217,7.8,6.4
2024-12-13T10:00,223,226,9.5,6.6
2024-12-13T11:00,232,231,12.8,7.3
2024-12-13T12:00,243,237,16.7,9.1
2024-12-13T13:00,238,246,20.1,11.2
2024-12-13T14:00,232,241,20.4,11.7
2024-12-13T15:00,224,236,21.6,12.0
2024-12-13T16:00,228,235,23.8,12.9
2024-12-13T17:00,234,240,26.2,14.9
2024-12-13T18:00,238,245,29.5,15.8
2024-12-13T19:00,241,246,31.8,18.4
2024-12-13T20:00,248,251,33.2,19.5
2024-12-13T21:00,243,247,33.2,19.2
2024-12-13T22:00,247,252,32.6,18.3
2024-12-13T23:00,258,265,32.2,18.0
2024-12-14T00:00,261,269,32.0,17.9
2024-12-14T01:00,264,271,32.9,18.4
2024-12-14T02:00,258,268,30.8,16.9
2024-12-14T03:00,254,264,31.0,16.7
2024-12-14T04:00,254,265,30.7,16.6
2024-12-14T05:00,248,260,31.4,16.9
2024-12-14T06:00,249,260,33.1,17.7
2024-12-14T07:00,249,259,33.0,17.8
2024-12-14T08:00,253,262,33.6,18.3
2024-12-14T09:00,252,263,33.2,18.2
2024-12-14T10:00,248,258,31.5,17.8
2024-12-14T11:00,248,258,29.6,17.0
2024-12-14T12:00,254,262,27.6,17.2
2024-12-14T13:00,258,264,29.3,18.0
2024-12-14T14:00,256,261,30.8,18.8
2024-12-14T15:00,257,262,32.2,19.4
2024-12-14T16:00,254,258,32.6,19.7
2024-12-14T17:00,246,251,33.2,19.5
2024-12-14T18:00,240,245,35.4,20.8
2024-12-14T19:00,236,240,37.7,22.7
2024-12-14T20:00,225,230,39.9,24.1
2024-12-14T21:00,237,242,41.6,25.4
2024-12-14T22:00,247,252,40.1,24.5
2024-12-14T23:00,248,256,37.4,22.5
2024-12-15T00:00,255,260,42.6,26.3
2024-12-15T01:00,252,256,47.2,29.5
2024-12-15T02:00,250,253,49.4,30.7
2024-12-15T03:00,252,254,49.7,30.9
2024-12-15T04:00,249,252,48.4,29.9
2024-12-15T05:00,252,256,50.6,32.0
2024-12-15T06:00,252,255,49.7,31.6
2024-12-15T07:00,255,258,47.3,29.9
2024-12-15T08:00,247,250,44.0,27.8
2024-12-15T09:00,245,248,45.7,29.0
2024-12-15T10:00,241,244,45.6,29.0
2024-12-15T11:00,239,241,46.9,30.0
2024-12-15T12:00,238,240,49.7,31.9
2024-12-15T13:00,240,242,52.8,34.1
2024-12-15T14:00,239,241,55.0,35.9
2024-12-15T15:00,240,243,50.9,33.1
2024-12-15T16:00,240,242,47.0,31.0
2024-12-15T17:00,243,245,50.8,33.9
2024-12-15T18:00,245,247,53.4,35.7
2024-12-15T19:00,247,249,57.5,38.2
2024-12-15T20:00,246,247,53.4,35.8
2024-12-15T21:00,248,249,54.9,37.1
2024-12-15T22:00,249,251,60.5,40.4
2024-12-15T23:00,248,250,56.1,35.7
2024-12-16T00:00,245,247,54.9,35.7
2024-12-16T01:00,244,247,55.1,36.1
2024-12-16T02:00,245,247,53.3,35.4
2024-12-16T03:00,243,245,51.0,33.3
2024-12-16T04:00,242,244,50.1,33.0
2024-12-16T05:00,241,243,52.4,34.5
2024-12-16T06:00,242,244,49.3,32.9
2024-12-16T07:00,240,243,52.2,33.9
2024-12-16T08:00,242,245,50.8,32.9
2024-12-16T09:00,241,244,52.9,34.6
2024-12-16T10:00,241,243,48.4,32.6
2024-12-16T11:00,241,242,48.6,31.8
2024-12-16T12:00,240,242,48.3,31.3
2024-12-16T13:00,245,247,54.0,34.1
2024-12-16T14:00,247,249,51.1,32.6
2024-12-16T15:00,244,246,42.4,27.0
2024-12-16T16:00,244,247,46.3,30.6
2024-12-16T17:00,244,246,48.3,31.3
2024-12-16T18:00,245,247,45.3,27.8
2024-12-16T19:00,244,247,43.9,26.7
2024-12-16T20:00,243,245,45.3,28.1
2024-12-16T21:00,241,244,44.1,27.1
2024-12-16T22:00,240,243,41.3,26.1
2024-12-16T23:00,236,240,40.3,25.3
2024-12-17T00:00,234,237,38.9,24.4
2024-12-17T01:00,238,240,39.1,24.5
2024-12-17T02:00,236,238,38.7,24.4
2024-12-17T03:00,231,234,37.0,23.2
2024-12-17T04:00,231,233,34.3,21.4
2024-12-17T05:00,229,231,32.4,19.7
2024-12-17T06:00,221,224,29.5,17.9
2024-12-17T07:00,215,217,29.8,17.8
2024-12-17T08:00,209,211,30.7,18.1
2024-12-17T09:00,208,209,30.4,18.3
2024-12-17T10:00,193,197,24.7,13.9
2024-12-17T11:00,173,178,25.6,14.5
2024-12-17T12:00,181,187,33.0,19.6
2024-12-17T13:00,190,192,36.1,22.3
2024-12-17T14:00,192,194,40.7,25.2
2024-12-17T15:00,196,197,43.0,26.6
2024-12-17T16:00,193,195,41.4,25.0
2024-12-17T17:00,193,194,46.5,28.0
2024-12-17T18:00,193,194,50.6,30.8
2024-12-17T19:00,186,187,58.4,36.6
2024-12-17T20:00,184,187,49.3,30.1
2024-12-17T21:00,185,187,54.3,34.0
2024-12-17T22:00,185,187,56.5,35.4
2024-12-17T23:00,196,197,65.0,40.9
2024-12-18T00:00,210,211,60.3,38.1
2024-12-18T01:00,211,212,63.3,40.3
2024-12-18T02:00,214,215,65.5,42.0
2024-12-18T03:00,212,213,68.9,44.5
2024-12-18T04:00,212,212,64.2,41.6
2024-12-18T05:00,212,212,69.7,44.6
2024-12-18T06:00,215,216,65.0,41.7
2024-12-18T07:00,216,217,58.1,37.4
2024-12-18T08:00,245,249,60.9,39.4
2024-12-18T09:00,256,258,62.2,40.3
2024-12-18T10:00,259,261,58.7,38.0
2024-12-18T11:00,259,262,56.9,37.0
2024-12-18T12:00,256,258,52.0,34.1
2024-12-18T13:00,249,250,54.3,35.6
2024-12-18T14:00,251,253,49.2,31.5
2024-12-18T15:00,252,253,42.4,27.1
2024-12-18T16:00,251,253,40.2,25.1
2024-12-18T17:00,248,250,38.8,24.2
2024-12-18T18:00,259,260,35.8,22.7
2024-12-18T19:00,261,265,32.5,19.3
2024-12-18T20:00,255,260,28.9,17.1
2024-12-18T21:00,259,264,27.4,16.3
2024-12-18T22:00,268,271,28.4,17.1
2024-12-18T23:00,260,266,27.4,16.2
2024-12-19T00:00,263,270,27.7,16.7
2024-12-19T01:00,269,274,29.8,17.8
2024-12-19T02:00,269,274,31.6,18.7
2024-12-19T03:00,263,269,34.2,20.5
2024-12-19T04:00,264,268,34.2,20.3
2024-12-19T05:00,263,269,34.8,20.7
2024-12-19T06:00,265,269,36.2,21.7
2024-12-19T07:00,262,267,37.0,22.4
2024-12-19T08:00,260,265,37.9,23.0
2024-12-19T09:00,268,273,35.7,21.4
2024-12-19T10:00,260,267,34.4,21.4
2024-12-19T11:00,261,268,34.4,21.1
2024-12-19T12:00,268,273,34.8,22.2
2024-12-19T13:00,276,280,31.6,20.3
2024-12-19T14:00,267,273,32.4,20.5
2024-12-19T15:00,278,281,34.5,22.0
2024-12-19T16:00,277,283,35.7,21.2
2024-12-19T17:00,276,282,36.8,21.7
2024-12-19T18:00,270,277,35.6,20.5
2024-12-19T19:00,268,276,35.5,20.5
2024-12-19T20:00,267,274,33.8,18.9
2024-12-19T21:00,263,271,32.6,18.1
2024-12-19T22:00,255,264,32.1,17.7
2024-12-19T23:00,247,255,31.6,17.3
2024-12-20T00:00,237,246,30.5,16.7
2024-12-20T01:00,232,238,32.0,18.1
2024-12-20T02:00,228,233,30.1,17.1
2024-12-20T03:00,230,234,33.0,19.8
2024-12-20T04:00,230,232,37.7,23.0
2024-12-20T05:00,228,230,43.5,27.5
2024-12-20T06:00,224,226,45.3,28.6
2024-12-20T07:00,222,223,47.6,29.8
2024-12-20T08:00,216,218,46.7,29.1
2024-12-20T09:00,213,216,46.7,29.4
2024-12-20T10:00,220,222,45.5,28.4
2024-12-20T11:00,227,228,51.6,32.7
2024-12-20T12:00,229,229,54.1,34.3
2024-12-20T13:00,237,240,48.0,30.8
2024-12-20T14:00,255,259,39.3,24.8
2024-12-20T15:00,260,264,38.3,23.9
2024-12-20T16:00,258,262,36.9,22.5
2024-12-20T17:00,254,260,36.2,21.7
2024-12-20T18:00,248,255,35.6,21.4
2024-12-20T19:00,247,254,36.7,21.9
2024-12-20T20:00,246,253,36.6,21.7
2024-12-20T21:00,248,253,37.6,22.4
2024-12-20T22:00,241,246,36.0,21.4
2024-12-20T23:00,236,241,37.4,22.7
2024-12-21T00:00,231,235,37.6,23.2
2024-12-21T01:00,221,224,37.0,22.8
2024-12-21T02:00,220,224,39.1,24.7
2024-12-21T03:00,223,225,47.0,29.9
2024-12-21T04:00,221,223,50.4,31.6
2024-12-21T05:00,220,220,60.5,38.2
2024-12-21T06:00,222,223,68.1,43.7
2024-12-21T07:00,228,230,66.7,42.7
2024-12-21T08:00,245,247,64.1,41.4
2024-12-21T09:00,252,254,61.3,39.3
2024-12-21T10:00,254,256,61.1,39.6
2024-12-21T11:00,254,255,62.0,40.4
2024-12-21T12:00,252,253,63.5,41.8
2024-12-21T13:00,251,253,61.2,40.2
2024-12-21T14:00,251,253,60.4,38.8
2024-12-21T15:00,249,252,57.8,37.0
2024-12-21T16:00,251,253,57.7,37.5
2024-12-21T17:00,252,253,57.0,36.8
2024-12-21T18:00,252,253,55.8,36.0
2024-12-21T19:00,249,252,54.9,34.9
2024-12-21T20:00,248,251,54.9,34.7
2024-12-21T21:00,250,253,58.5,36.9
2024-12-21T22:00,253,256,56.1,36.0
2024-12-21T23:00,254,257,56.8,36.4
2024-12-22T00:00,252,254,55.1,35.5
2024-12-22T01:00,255,258,55.8,35.9
2024-12-22T02:00,254,258,51.6,33.3
2024-12-22T03:00,254,257,51.5,33.2
2024-12-22T04:00,258,261,51.0,32.6
2024-12-22T05:00,260,264,47.8,30.2
2024-12-22T06:00,258,262,46.0,28.8
2024-12-22T07:00,259,263,45.5,28.5
2024-12-22T08:00,254,259,44.7,27.7
2024-12-22T09:00,251,256,47.8,29.1
2024-12-22T10:00,253,256,48.5,30.1
2024-12-22T11:00,261,266,51.2,32.2
2024-12-22T12:00,270,274,54.7,35.1
2024-12-22T13:00,275,280,53.9,34.5
2024-12-22T14:00,280,284,56.9,36.7
2024-12-22T15:00,284,289,54.3,34.8
2024-12-22T16:00,285,290,49.0,31.0
2024-12-22T17:00,283,289,44.2,27.8
2024-12-22T18:00,279,284,42.4,27.0
2024-12-22T19:00,283,286,42.9,27.5
2024-12-22T20:00,276,281,40.5,25.5
2024-12-22T21:00,279,282,40.0,25.1
2024-12-22T22:00,279,283,37.6,23.5
2024-12-22T23:00,288,292,34.5,21.2
2024-12-23T00:00,296,299,35.5,21.7
2024-12-23T01:00,291,295,33.8,20.6
2024-12-23T02:00,289,293,34.6,21.2
2024-12-23T03:00,281,287,34.7,20.2
2024-12-23T04:00,275,283,32.7,18.4
2024-12-23T05:00,262,274,30.3,16.5
2024-12-23T06:00,256,267,29.9,16.5
2024-12-23T07:00,257,266,30.1,16.8
2024-12-23T08:00,254,264,28.2,15.6
2024-12-23T09:00,250,258,25.7,14.6
2024-12-23T10:00,232,246,23.1,13.0
2024-12-23T11:00,222,232,24.2,13.0
2024-12-23T12:00,221,229,23.5,13.4
2024-12-23T13:00,210,216,21.5,12.3
2024-12-23T14:00,210,213,26.9,16.2
2024-12-23T15:00,223,225,28.1,16.6
2024-12-23T16:00,232,232,29.0,16.7
2024-12-23T17:00,234,235,31.5,18.0
2024-12-23T18:00,233,235,32.2,18.4
2024-12-23T19:00,232,237,34.3,19.8
2024-12-23T20:00,239,245,36.3,21.5
2024-12-23T21:00,249,253,40.8,24.6
2024-12-23T22:00,246,251,42.0,25.7
2024-12-23T23:00,244,249,40.7,25.4
2024-12-24T00:00,245,250,43.0,26.6
2024-12-24T01:00,248,251,44.6,27.4
2024-12-24T02:00,248,251,45.7,28.1
2024-12-24T03:00,246,248,47.0,29.2
2024-12-24T04:00,247,250,47.6,29.5
2024-12-24T05:00,249,251,43.6,26.5
2024-12-24T06:00,251,252,42.9,26.1
2024-12-24T07:00,251,252,42.5,25.9
2024-12-24T08:00,254,256,41.8,25.7
2024-12-24T09:00,249,251,43.9,27.1
2024-12-24T10:00,248,250,44.4,27.6
2024-12-24T11:00,250,253,46.8,29.4
2024-12-24T12:00,248,250,47.5,29.7
2024-12-24T13:00,251,253,48.7,31.1
2024-12-24T14:00,249,252,44.6,28.3
2024-12-24T15:00,245,248,40.2,25.3
2024-12-24T16:00,245,248,43.9,27.3
2024-12-24T17:00,243,246,43.1,26.5
2024-12-24T18:00,245,248,44.9,27.8
2024-12-24T19:00,238,240,45.3,28.6
2024-12-24T20:00,238,240,45.6,28.9
2024-12-24T21:00,238,238,45.0,28.4
2024-12-24T22:00,241,241,44.6,27.8
2024-12-24T23:00,241,241,44.2,27.5
2024-12-25T00:00,239,239,42.0,26.1
2024-12-25T01:00,235,236,41.0,25.2
2024-12-25T02:00,233,234,41.8,26.0
2024-12-25T03:00,227,229,42.4,26.4
2024-12-25T04:00,225,228,41.7,26.3
2024-12-25T05:00,225,227,41.5,26.1
2024-12-25T06:00,225,227,41.4,26.1
2024-12-25T07:00,227,229,40.6,25.5
2024-12-25T08:00,230,232,42.0,26.5
2024-12-25T09:00,226,228,43.7,27.4
2024-12-25T10:00,230,232,43.1,27.0
2024-12-25T11:00,230,232,43.6,27.6
2024-12-25T12:00,230,231,43.4,27.4
2024-12-25T13:00,232,233,44.3,28.8
2024-12-25T14:00,228,230,40.5,25.4
2024-12-25T15:00,230,231,40.7,25.5
2024-12-25T16:00,229,230,39.7,24.4
2024-12-25T17:00,227,228,40.0,25.0
2024-12-25T18:00,225,227,40.1,24.8
2024-12-25T19:00,221,224,40.5,25.0
2024-12-25T20:00,220,223,41.1,25.5
2024-12-25T21:00,220,223,39.2,24.1
2024-12-25T22:00,220,222,38.9,23.6
2024-12-25T23:00,217,220,40.1,24.7
2024-12-26T00:00,216,218,39.2,24.4
2024-12-26T01:00,219,221,39.4,24.4
2024-12-26T02:00,218,219,38.0,23.5
2024-12-26T03:00,221,222,35.3,21.6
2024-12-26T04:00,217,220,34.8,21.5
2024-12-26T05:00,215,217,36.0,22.1
2024-12-26T06:00,220,221,35.2,21.5
2024-12-26T07:00,221,222,32.4,19.5
2024-12-26T08:00,223,223,31.7,18.9
2024-12-26T09:00,225,226,27.6,15.9
2024-12-26T10:00,222,225,24.4,14.0
2024-12-26T11:00,219,222,20.3,11.8
2024-12-26T12:00,218,221,19.7,12.2
2024-12-26T13:00,229,225,19.1,11.4
2024-12-26T14:00,246,239,14.3,8.1
2024-12-26T15:00,210,218,16.7,9.1
2024-12-26T16:00,206,213,20.2,11.0
2024-12-26T17:00,210,217,20.2,10.7
2024-12-26T18:00,190,204,19.7,9.9
2024-12-26T19:00,187,197,23.6,13.1
2024-12-26T20:00,193,199,26.5,14.8
2024-12-26T21:00,200,203,28.1,15.7
2024-12-26T22:00,205,207,28.0,15.7
2024-12-26T23:00,211,212,28.8,16.5
2024-12-27T00:00,215,215,28.2,16.2
2024-12-27T01:00,221,220,22.2,12.0
2024-12-27T02:00,221,222,23.5,13.0
2024-12-27T03:00,223,223,26.4,14.8
2024-12-27T04:00,222,223,28.0,16.1
2024-12-27T05:00,223,224,28.4,16.7
2024-12-27T06:00,224,224,27.4,16.2
2024-12-27T07:00,228,227,25.5,14.4
2024-12-27T08:00,224,225,24.9,13.9
2024-12-27T09:00,220,221,24.5,13.4
2024-12-27T10:00,222,222,23.8,13.3
2024-12-27T11:00,222,222,22.8,13.6
2024-12-27T12:00,223,222,22.0,13.6
2024-12-27T13:00,236,232,18.9,11.5
2024-12-27T14:00,226,223,20.8,12.3
2024-12-27T15:00,222,221,24.6,14.3
2024-12-27T16:00,219,218,27.8,16.1
2024-12-27T17:00,218,218,29.5,16.9
2024-12-27T18:00,217,217,30.2,17.6
2024-12-27T19:00,218,219,29.8,17.7
2024-12-27T20:00,219,220,29.2,17.3
2024-12-27T21:00,218,219,30.4,17.3
2024-12-27T22:00,220,222,30.3,17.7
2024-12-27T23:00,225,227,28.5,17.3
2024-12-28T00:00,225,227,27.6,16.8
2024-12-28T01:00,221,220,27.7,16.3
2024-12-28T02:00,221,221,28.1,16.3
2024-12-28T03:00,220,222,27.7,16.5
2024-12-28T04:00,221,224,26.7,16.0
2024-12-28T05:00,219,222,27.8,16.4
2024-12-28T06:00,221,224,29.8,17.7
2024-12-28T07:00,223,227,29.7,17.7
2024-12-28T08:00,227,231,29.8,18.2
2024-12-28T09:00,229,231,32.0,19.3
2024-12-28T10:00,231,233,31.1,18.9
2024-12-28T11:00,233,235,31.7,19.8
2024-12-28T12:00,228,230,29.8,19.0
2024-12-28T13:00,233,233,32.5,21.3
2024-12-28T14:00,231,232,34.7,22.0
2024-12-28T15:00,229,230,35.1,21.6
2024-12-28T16:00,230,231,35.2,21.7
2024-12-28T17:00,237,239,35.7,22.3
2024-12-28T18:00,250,254,32.0,20.3
2024-12-28T19:00,253,256,31.8,19.8
2024-12-28T20:00,251,255,33.6,21.1
2024-12-28T21:00,246,250,36.0,22.1
2024-12-28T22:00,243,247,37.9,23.2
2024-12-28T23:00,237,241,38.7,23.7
2024-12-29T00:00,236,238,42.3,26.1
2024-12-29T01:00,236,238,43.7,26.9
2024-12-29T02:00,234,238,46.9,29.7
2024-12-29T03:00,233,236,47.4,30.2
2024-12-29T04:00,236,238,49.2,31.2
2024-12-29T05:00,238,240,51.0,32.4
2024-12-29T06:00,236,239,50.6,32.2
2024-12-29T07:00,238,241,47.9,30.3
2024-12-29T08:00,238,242,45.7,28.9
2024-12-29T09:00,241,245,45.7,28.8
2024-12-29T10:00,240,243,44.8,28.6
2024-12-29T11:00,240,242,47.9,30.9
2024-12-29T12:00,242,244,49.2,32.1
2024-12-29T13:00,246,248,58.7,38.1
2024-12-29T14:00,247,248,59.4,38.6
2024-12-29T15:00,246,248,59.8,38.7
2024-12-29T16:00,246,248,59.7,38.7
2024-12-29T17:00,245,247,60.2,39.1
2024-12-29T18:00,245,246,62.7,40.3
2024-12-29T19:00,245,247,64.9,41.6
2024-12-29T20:00,244,246,63.3,40.9
2024-12-29T21:00,241,243,59.4,38.1
2024-12-29T22:00,240,241,54.6,34.9
2024-12-29T23:00,239,240,55.9,34.2
2024-12-30T00:00,239,240,53.4,32.9
2024-12-30T01:00,239,241,50.4,31.0
2024-12-30T02:00,238,239,52.3,33.9
2024-12-30T03:00,236,238,54.0,34.4
2024-12-30T04:00,236,239,58.2,34.9
2024-12-30T05:00,234,235,58.1,37.2
2024-12-30T06:00,234,235,56.7,34.8
2024-12-30T07:00,227,228,65.8,42.8
2024-12-30T08:00,228,229,71.6,45.1
2024-12-30T09:00,231,232,70.6,44.4
2024-12-30T10:00,231,232,69.3,45.0
2024-12-30T11:00,232,232,63.8,42.3
2024-12-30T12:00,236,237,58.0,37.9
2024-12-30T13:00,238,239,56.3,35.1
2024-12-30T14:00,248,247,46.6,29.9
2024-12-30T15:00,252,252,35.5,22.1
2024-12-30T16:00,263,263,30.1,18.5
2024-12-30T17:00,288,280,21.0,12.3
2024-12-30T18:00,316,305,13.7,7.5
2024-12-30T19:00,23,342,7.6,3.7
2024-12-30T20:00,84,87,21.1,13.9
2024-12-30T21:00,76,95,13.7,10.0
2024-12-30T22:00,196,219,17.5,5.2
2024-12-30T23:00,228,229,42.9,25.7
2024-12-31T00:00,227,227,43.4,27.1
2024-12-31T01:00,217,219,43.0,27.8
2024-12-31T02:00,217,218,48.3,31.0
2024-12-31T03:00,217,218,55.7,35.4
2024-12-31T04:00,212,214,62.1,39.4
2024-12-31T05:00,211,212,63.5,41.2
2024-12-31T06:00,213,214,68.1,44.1
2024-12-31T07:00,213,213,65.3,41.6
2024-12-31T08:00,210,211,71.5,44.6
2024-12-31T09:00,211,211,66.8,43.9
2024-12-31T10:00,212,213,69.9,45.0
2024-12-31T11:00,211,212,61.3,37.5
2024-12-31T12:00,219,221,53.6,35.6
2024-12-31T13:00,224,226,56.3,35.1
2024-12-31T14:00,228,229,57.2,35.3
2024-12-31T15:00,230,231,54.3,35.2
2024-12-31T16:00,241,242,50.3,33.5
2024-12-31T17:00,241,243,49.7,30.9
2024-12-31T18:00,235,237,46.8,29.1
2024-12-31T19:00,235,238,47.2,28.9
2024-12-31T20:00,235,236,46.1,29.2
2024-12-31T21:00,234,237,48.6,29.5
2024-12-31T22:00,232,234,47.6,31.0
2024-12-31T23:00,231,233,47.4,31.5
2025-01-01T00:00,233,236,49.3,29.3
2025-01-01T01:00,230,232,43.8,28.3
2025-01-01T02:00,225,226,43.8,28.1
2025-01-01T03:00,228,230,41.1,26.1
2025-01-01T04:00,228,230,39.0,25.0
2025-01-01T05:00,226,227,41.1,25.6
2025-01-01T06:00,226,226,37.9,22.8
2025-01-01T07:00,229,229,27.1,16.0
2025-01-01T08:00,255,243,15.3,8.8
2025-01-01T09:00,30,33,43.7,29.4
2025-01-01T10:00,13,14,31.7,24.9
2025-01-01T11:00,355,358,26.5,17.3
2025-01-01T12:00,350,355,23.5,14.8
2025-01-01T13:00,332,343,22.2,13.7
2025-01-01T14:00,318,329,17.9,11.9
2025-01-01T15:00,290,301,18.0,11.3
2025-01-01T16:00,300,309,23.0,13.3
2025-01-01T17:00,302,314,23.2,12.7
2025-01-01T18:00,286,302,24.5,13.7
2025-01-01T19:00,277,297,23.6,13.6
2025-01-01T20:00,266,289,23.6,13.9
2025-01-01T21:00,269,292,24.3,14.2
2025-01-01T22:00,274,296,24.1,13.9
2025-01-01T23:00,277,299,23.1,13.2
2025-01-02T00:00,273,294,23.4,13.3
2025-01-02T01:00,275,292,23.2,12.8
2025-01-02T02:00,268,286,24.2,13.5
2025-01-02T03:00,259,278,24.5,13.7
2025-01-02T04:00,260,276,24.8,13.9
2025-01-02T05:00,262,279,26.2,14.4
2025-01-02T06:00,264,282,25.1,13.6
2025-01-02T07:00,262,282,24.5,13.4
2025-01-02T08:00,262,280,24.1,13.5
2025-01-02T09:00,259,281,22.4,12.7
2025-01-02T10:00,261,283,21.3,12.8
2025-01-02T11:00,261,278,21.1,12.6
2025-01-02T12:00,271,281,20.7,13.9
2025-01-02T13:00,266,275,24.6,15.2
2025-01-02T14:00,270,277,25.6,15.7
2025-01-02T15:00,266,275,24.4,14.1
2025-01-02T16:00,271,282,25.0,13.9
2025-01-02T17:00,272,284,25.2,13.9
2025-01-02T18:00,268,282,26.8,14.8
2025-01-02T19:00,265,277,27.9,15.4
2025-01-02T20:00,263,275,28.6,15.8
2025-01-02T21:00,255,267,31.7,17.7
2025-01-02T22:00,247,256,36.9,21.3
2025-01-02T23:00,249,255,40.3,23.9
2025-01-03T00:00,257,261,46.1,28.3
2025-01-03T01:00,258,261,45.9,28.2
2025-01-03T02:00,260,262,43.6,26.9
2025-01-03T03:00,267,271,39.8,23.6
2025-01-03T04:00,262,267,37.5,21.8
2025-01-03T05:00,265,271,35.1,19.9
2025-01-03T06:00,268,275,33.4,18.7
2025-01-03T07:00,271,278,32.2,17.8
2025-01-03T08:00,269,279,30.8,16.7
2025-01-03T09:00,269,280,29.6,15.8
2025-01-03T10:00,267,280,27.2,14.8
2025-01-03T11:00,270,279,25.7,14.4
2025-01-03T12:00,268,278,26.0,12.8
2025-01-03T13:00,266,276,19.4,10.5
2025-01-03T14:00,261,271,18.7,10.7
2025-01-03T15:00,255,271,17.8,9.0
2025-01-03T16:00,244,271,17.3,8.6
2025-01-03T17:00,230,267,15.7,8.4
2025-01-03T18:00,216,261,13.5,8.5
2025-01-03T19:00,211,248,12.4,8.8
2025-01-03T20:00,207,237,14.3,10.1
2025-01-03T21:00,204,231,14.5,9.7
2025-01-03T22:00,206,223,17.3,10.2
2025-01-03T23:00,209,220,18.3,9.4
2025-01-04T00:00,217,221,18.2,9.0
2025-01-04T01:00,232,231,18.2,8.7
2025-01-04T02:00,233,233,21.3,11.1
2025-01-04T03:00,235,238,24.1,12.9
2025-01-04T04:00,234,237,27.3,15.3
2025-01-04T05:00,234,235,28.4,15.8
2025-01-04T06:00,236,238,29.8,16.3
2025-01-04T07:00,231,236,31.1,17.0
2025-01-04T08:00,234,237,28.7,15.5
2025-01-04T09:00,233,237,26.8,14.5
2025-01-04T10:00,229,233,25.2,14.4
2025-01-04T11:00,234,236,23.7,14.0
2025-01-04T12:00,234,234,24.7,14.9
2025-01-04T13:00,235,234,25.1,15.2
2025-01-04T14:00,235,234,23.5,13.7
2025-01-04T15:00,230,231,23.4,12.5
2025-01-04T16:00,224,227,24.2,12.3
2025-01-04T17:00,224,229,22.2,10.8
2025-01-04T18:00,210,220,18.9,9.1
2025-01-04T19:00,188,201,17.4,8.9
2025-01-04T20:00,193,204,14.7,8.1
2025-01-04T21:00,188,193,13.9,8.2
2025-01-04T22:00,184,183,14.2,7.8
2025-01-04T23:00,187,182,13.0,6.3
2025-01-05T00:00,189,180,10.1,5.5
2025-01-05T01:00,194,186,8.5,3.7
2025-01-05T02:00,180,168,8.5,3.6
2025-01-05T03:00,165,147,9.0,4.1
2025-01-05T04:00,162,141,10.9,5.7
2025-01-05T05:00,160,150,14.4,7.5
2025-01-05T06:00,165,158,11.3,5.6
2025-01-05T07:00,153,131,5.2,1.6
2025-01-05T08:00,47,48,8.7,4.5
2025-01-05T09:00,53,51,16.5,9.6
2025-01-05T10:00,52,53,19.0,11.8
2025-01-05T11:00,54,54,20.1,13.1
2025-01-05T12:00,54,56,26.6,17.5
2025-01-05T13:00,51,54,28.6,18.2
2025-01-05T14:00,56,60,28.1,18.4
2025-01-05T15:00,61,63,29.4,18.5
2025-01-05T16:00,63,67,27.3,16.4
2025-01-05T17:00,53,57,26.2,16.3
2025-01-05T18:00,47,51,24.2,14.8
2025-01-05T19:00,42,46,26.6,16.8
2025-01-05T20:00,33,36,29.9,19.6
2025-01-05T21:00,29,31,32.2,20.7
2025-01-05T22:00,22,24,33.0,21.6
2025-01-05T23:00,19,22,37.4,24.4
2025-01-06T00:00,17,20,36.7,23.6
2025-01-06T01:00,13,16,36.8,23.2
2025-01-06T02:00,8,11,34.4,22.0
2025-01-06T03:00,3,7,35.0,22.5
2025-01-06T04:00,0,3,36.1,24.1
2025-01-06T05:00,357,1,32.4,21.3
2025-01-06T06:00,350,354,29.9,19.5
2025-01-06T07:00,341,346,29.3,18.0
2025-01-06T08:00,334,341,27.8,16.8
2025-01-06T09:00,319,329,26.3,15.8
2025-01-06T10:00,293,302,27.2,16.8
2025-01-06T11:00,282,289,27.8,17.7
2025-01-06T12:00,280,286,28.3,18.8
2025-01-06T13:00,290,295,27.2,17.1
2025-01-06T14:00,287,292,28.9,18.3
2025-01-06T15:00,279,285,29.8,18.2
2025-01-06T16:00,274,285,30.6,18.4
2025-01-06T17:00,268,281,30.2,18.2
2025-01-06T18:00,259,273,31.4,18.5
2025-01-06T19:00,263,278,31.4,18.7
2025-01-06T20:00,266,280,33.4,20.0
2025-01-06T21:00,265,280,31.3,18.8
2025-01-06T22:00,264,281,32.4,19.2
2025-01-06T23:00,263,277,34.1,20.1
2025-01-07T00:00,266,278,34.2,19.8
2025-01-07T01:00,263,272,35.1,19.6
2025-01-07T02:00,263,273,32.8,18.0
2025-01-07T03:00,253,263,34.6,19.2
2025-01-07T04:00,255,264,35.7,20.3
2025-01-07T05:00,258,267,36.2,20.8
2025-01-07T06:00,261,269,34.7,19.9
2025-01-07T07:00,261,269,37.1,21.3
2025-01-07T08:00,257,264,39.2,23.1
2025-01-07T09:00,254,260,40.2,24.0
2025-01-07T10:00,260,264,38.4,23.6
2025-01-07T11:00,254,258,41.3,26.0
2025-01-07T12:00,259,262,39.5,25.0
2025-01-07T13:00,262,266,37.0,23.4
2025-01-07T14:00,269,273,38.2,24.1
2025-01-07T15:00,266,270,38.2,23.6
2025-01-07T16:00,267,272,39.6,23.8
2025-01-07T17:00,265,272,39.6,23.3
2025-01-07T18:00,265,272,38.9,22.9
2025-01-07T19:00,263,270,38.7,22.9
2025-01-07T20:00,261,267,40.2,24.2
2025-01-07T21:00,258,264,39.1,23.4
2025-01-07T22:00,258,265,38.7,23.0
2025-01-07T23:00,259,267,38.8,22.7
2025-01-08T00:00,254,263,37.2,21.7
2025-01-08T01:00,260,269,37.1,21.8
2025-01-08T02:00,259,268,37.3,21.4
2025-01-08T03:00,259,268,36.0,20.5
2025-01-08T04:00,253,264,35.7,20.3
2025-01-08T05:00,251,262,34.7,19.5
2025-01-08T06:00,245,258,32.0,17.7
2025-01-08T07:00,244,258,32.1,17.6
2025-01-08T08:00,245,259,29.3,15.7
2025-01-08T09:00,247,264,26.6,14.0
2025-01-08T10:00,249,267,25.4,13.9
2025-01-08T11:00,249,266,24.0,13.7
2025-01-08T12:00,248,262,23.8,13.7
2025-01-08T13:00,237,250,26.2,14.4
2025-01-08T14:00,237,247,25.1,14.3
2025-01-08T15:00,240,248,24.5,13.5
2025-01-08T16:00,255,264,23.7,12.1
2025-01-08T17:00,251,268,22.2,11.4
2025-01-08T18:00,249,265,22.0,11.8
2025-01-08T19:00,252,270,19.8,11.0
2025-01-08T20:00,242,265,19.3,11.2
2025-01-08T21:00,242,264,19.0,11.2
2025-01-08T22:00,245,265,19.0,11.4
2025-01-08T23:00,242,262,18.9,11.2
2025-01-09T00:00,241,259,19.2,11.7
2025-01-09T01:00,235,255,18.3,11.9
2025-01-09T02:00,227,252,19.9,13.0
2025-01-09T03:00,232,253,22.0,13.2
2025-01-09T04:00,237,255,23.5,13.8
2025-01-09T05:00,242,254,23.2,14.1
2025-01-09T06:00,248,261,25.4,14.9
2025-01-09T07:00,252,265,27.3,16.1
2025-01-09T08:00,251,266,26.3,15.7
2025-01-09T09:00,250,270,27.2,16.1
2025-01-09T10:00,255,277,25.4,15.9
2025-01-09T11:00,257,268,23.2,15.5
2025-01-09T12:00,264,280,26.2,15.6
2025-01-09T13:00,284,293,26.8,17.2
2025-01-09T14:00,278,284,27.3,17.1
2025-01-09T15:00,266,274,28.7,17.1
2025-01-09T16:00,264,274,30.7,17.2
2025-01-09T17:00,263,273,31.0,17.2
2025-01-09T18:00,260,272,30.6,17.2
2025-01-09T19:00,256,270,28.8,16.1
2025-01-09T20:00,254,272,26.7,15.0
2025-01-09T21:00,250,273,26.3,15.1
2025-01-09T22:00,251,275,25.3,14.9
2025-01-09T23:00,257,285,23.4,13.3
2025-01-10T00:00,254,291,20.2,12.0
2025-01-10T01:00,249,295,17.1,9.9
2025-01-10T02:00,244,302,13.3,8.2
2025-01-10T03:00,238,308,10.8,6.5
2025-01-10T04:00,240,306,10.3,6.2
2025-01-10T05:00,252,310,10.3,6.3
2025-01-10T06:00,263,333,9.5,4.2
2025-01-10T07:00,261,323,9.3,4.7
2025-01-10T08:00,233,267,11.4,9.3
2025-01-10T09:00,232,266,13.5,10.3
2025-01-10T10:00,240,281,11.8,9.1
2025-01-10T11:00,236,283,7.4,7.4
2025-01-10T12:00,220,233,4.8,6.1
2025-01-10T13:00,231,261,3.3,4.6
2025-01-10T14:00,225,333,1.2,2.5
2025-01-10T15:00,202,82,2.5,1.0
2025-01-10T16:00,207,90,1.4,1.6
2025-01-10T17:00,214,34,0.6,1.9
2025-01-10T18:00,218,346,0.7,2.1
2025-01-10T19:00,221,346,1.5,1.9
2025-01-10T20:00,225,39,4.9,0.3
2025-01-10T21:00,153,49,7.4,0.8
2025-01-10T22:00,153,67,7.8,2.0
2025-01-10T23:00,189,76,4.5,2.2
2025-01-11T00:00,193,77,4.1,2.4
2025-01-11T01:00,189,84,5.1,3.6
2025-01-11T02:00,199,99,3.3,3.8
2025-01-11T03:00,204,82,4.0,3.1
2025-01-11T04:00,196,86,4.7,3.4
2025-01-11T05:00,189,111,5.4,4.7
2025-01-11T06:00,183,122,7.4,6.0
2025-01-11T07:00,188,138,8.0,7.5
2025-01-11T08:00,186,151,11.3,8.1
2025-01-11T09:00,184,155,12.6,7.9
2025-01-11T10:00,173,152,13.7,7.1
2025-01-11T11:00,172,163,12.8,6.2
2025-01-11T12:00,128,140,9.6,5.5
2025-01-11T13:00,169,172,9.3,4.8
2025-01-11T14:00,160,177,7.6,2.1
2025-01-11T15:00,113,172,6.5,1.4
2025-01-11T16:00,144,171,8.8,3.3
2025-01-11T17:00,178,184,14.1,5.0
2025-01-11T18:00,185,183,15.7,5.8
2025-01-11T19:00,183,179,16.9,6.3
2025-01-11T20:00,193,185,18.8,8.5
2025-01-11T21:00,212,196,15.3,6.1
2025-01-11T22:00,224,230,8.4,5.7
2025-01-11T23:00,171,174,25.9,13.3
2025-01-12T00:00,243,209,13.8,4.8
2025-01-12T01:00,225,241,17.2,9.7
2025-01-12T02:00,223,237,18.7,8.7
2025-01-12T03:00,224,229,16.8,7.0
2025-01-12T04:00,201,215,13.8,4.6
2025-01-12T05:00,210,220,17.2,8.3
2025-01-12T06:00,213,221,24.0,11.2
2025-01-12T07:00,204,210,23.2,11.2
2025-01-12T08:00,204,207,20.9,10.1
2025-01-12T09:00,215,216,18.2,7.5
2025-01-12T10:00,221,224,17.7,7.1
2025-01-12T11:00,206,212,20.3,10.0
2025-01-12T12:00,203,205,22.2,11.5
2025-01-12T13:00,215,212,26.3,15.0
2025-01-12T14:00,216,215,30.9,17.9
2025-01-12T15:00,210,210,34.4,19.6
2025-01-12T16:00,209,208,34.6,19.1
2025-01-12T17:00,211,210,35.6,19.1
2025-01-12T18:00,209,208,37.8,20.6
2025-01-12T19:00,209,207,38.9,21.3
2025-01-12T20:00,209,207,41.4,23.2
2025-01-12T21:00,211,208,41.7,23.6
2025-01-12T22:00,212,210,46.8,27.2
2025-01-12T23:00,211,209,54.8,32.8
2025-01-13T00:00,209,208,59.4,36.3
2025-01-13T01:00,207,207,58.8,36.1
2025-01-13T02:00,206,207,56.0,34.3
2025-01-13T03:00,209,209,57.2,35.0
2025-01-13T04:00,212,212,58.9,36.1
2025-01-13T05:00,214,213,59.5,36.7
2025-01-13T06:00,213,214,61.4,38.3
2025-01-13T07:00,216,216,61.5,38.5
2025-01-13T08:00,217,217,61.0,38.5
2025-01-13T09:00,220,220,57.8,36.4
2025-01-13T10:00,218,217,60.4,38.1
2025-01-13T11:00,218,218,61.1,39.0
2025-01-13T12:00,213,214,58.3,36.9
2025-01-13T13:00,213,213,53.7,33.8
2025-01-13T14:00,212,213,54.2,34.0
2025-01-13T15:00,212,214,50.7,31.5
2025-01-13T16:00,211,214,47.5,29.5
2025-01-13T17:00,215,219,47.0,29.1
2025-01-13T18:00,219,223,44.3,27.2
2025-01-13T19:00,217,222,44.9,27.9
2025-01-13T20:00,218,221,46.0,28.4
2025-01-13T21:00,220,223,44.3,27.2
2025-01-13T22:00,221,223,41.4,25.3
2025-01-13T23:00,226,229,42.5,26.1
2025-01-14T00:00,229,234,44.4,27.8
2025-01-14T01:00,234,238,39.9,24.9
2025-01-14T02:00,238,243,40.7,25.1
2025-01-14T03:00,245,247,43.9,27.2
2025-01-14T04:00,249,254,39.3,24.1
2025-01-14T05:00,249,252,38.3,23.6
2025-01-14T06:00,253,258,31.6,19.0
2025-01-14T07:00,243,249,32.0,19.7
2025-01-14T08:00,243,247,34.0,20.7
2025-01-14T09:00,247,250,34.0,20.8
2025-01-14T10:00,254,256,34.4,21.4
2025-01-14T11:00,256,259,36.1,22.7
2025-01-14T12:00,256,258,34.9,21.3
2025-01-14T13:00,261,262,34.9,22.6
2025-01-14T14:00,256,257,30.3,18.8
2025-01-14T15:00,250,252,27.8,16.7
2025-01-14T16:00,243,246,26.1,15.2
2025-01-14T17:00,230,236,26.7,15.1
2025-01-14T18:00,229,233,28.9,16.1
2025-01-14T19:00,231,231,31.6,16.9
2025-01-14T20:00,231,228,33.7,18.2
2025-01-14T21:00,229,226,37.2,20.5
2025-01-14T22:00,231,229,34.8,19.8
2025-01-14T23:00,230,229,33.2,19.2
2025-01-15T00:00,228,227,34.3,20.3
2025-01-15T01:00,231,230,34.6,20.5
2025-01-15T02:00,233,233,35.1,21.0
2025-01-15T03:00,231,232,36.3,22.0
2025-01-15T04:00,229,230,37.9,23.0
2025-01-15T05:00,227,228,39.1,23.7
2025-01-15T06:00,226,226,39.1,23.7
2025-01-15T07:00,228,228,37.9,22.8
2025-01-15T08:00,229,228,38.3,22.8
2025-01-15T09:00,230,229,37.9,22.5
2025-01-15T10:00,231,229,37.0,22.0
2025-01-15T11:00,230,227,33.1,19.5
2025-01-15T12:00,229,226,32.8,18.1
2025-01-15T13:00,222,220,36.4,22.0
2025-01-15T14:00,224,222,40.3,24.2
2025-01-15T15:00,224,223,41.1,24.4
2025-01-15T16:00,224,223,42.4,24.6
2025-01-15T17:00,219,219,44.0,25.2
2025-01-15T18:00,220,218,43.7,24.5
2025-01-15T19:00,222,220,44.2,25.0
2025-01-15T20:00,223,221,44.1,25.2
2025-01-15T21:00,227,225,41.6,23.4
2025-01-15T22:00,227,228,38.4,21.5
2025-01-15T23:00,223,225,37.3,20.5
2025-01-16T00:00,223,225,32.6,17.3
2025-01-16T01:00,217,223,27.9,14.3
2025-01-16T02:00,214,218,30.6,16.2
2025-01-16T03:00,216,217,33.4,18.2
2025-01-16T04:00,222,221,34.3,19.2
2025-01-16T05:00,225,224,34.2,19.1
2025-01-16T06:00,223,222,33.4,18.6
2025-01-16T07:00,217,216,32.8,18.1
2025-01-16T08:00,218,216,34.0,18.8
2025-01-16T09:00,216,214,34.5,18.8
2025-01-16T10:00,218,216,34.1,19.5
2025-01-16T11:00,222,220,32.1,19.2
2025-01-16T12:00,226,222,23.5,14.1
2025-01-16T13:00,222,222,23.7,14.5
2025-01-16T14:00,225,225,23.4,14.0
2025-01-16T15:00,221,221,31.3,18.5
2025-01-16T16:00,219,220,30.8,17.3
2025-01-16T17:00,228,226,30.6,17.0
2025-01-16T18:00,229,227,33.0,18.6
2025-01-16T19:00,225,224,32.7,18.2
2025-01-16T20:00,219,218,33.2,18.4
2025-01-16T21:00,219,217,33.7,18.4
2025-01-16T22:00,230,225,36.0,20.2
2025-01-16T23:00,222,219,42.9,24.9
2025-01-17T00:00,232,227,45.2,27.0
2025-01-17T01:00,223,221,50.9,31.2
2025-01-17T02:00,226,224,54.4,33.4
2025-01-17T03:00,225,222,56.0,34.6
2025-01-17T04:00,224,222,55.7,34.6
2025-01-17T05:00,220,219,53.4,33.1
2025-01-17T06:00,221,220,51.1,31.5
2025-01-17T07:00,218,217,51.5,32.1
2025-01-17T08:00,221,221,48.5,29.9
2025-01-17T09:00,222,223,45.5,28.0
2025-01-17T10:00,221,221,42.4,26.0
2025-01-17T11:00,220,220,41.4,25.4
2025-01-17T12:00,222,220,39.0,24.1
2025-01-17T13:00,212,211,32.9,20.5
2025-01-17T14:00,224,219,28.9,16.9
2025-01-17T15:00,219,216,27.5,15.9
2025-01-17T16:00,216,213,28.2,16.2
2025-01-17T17:00,213,211,30.3,17.2
2025-01-17T18:00,207,204,31.2,17.3
2025-01-17T19:00,211,208,31.8,17.9
2025-01-17T20:00,223,218,33.0,19.1
2025-01-17T21:00,226,220,33.6,19.5
2025-01-17T22:00,228,222,31.0,17.8
2025-01-17T23:00,223,220,28.5,16.0
2025-01-18T00:00,220,219,27.3,15.3
2025-01-18T01:00,220,217,25.7,14.4
2025-01-18T02:00,221,217,26.9,15.2
2025-01-18T03:00,224,219,25.9,14.8
2025-01-18T04:00,228,221,25.9,14.5
2025-01-18T05:00,228,221,26.6,14.7
2025-01-18T06:00,232,223,24.5,13.2
2025-01-18T07:00,234,226,23.3,12.0
2025-01-18T08:00,233,228,21.5,11.3
2025-01-18T09:00,230,229,23.2,13.2
2025-01-18T10:00,226,226,25.1,15.7
2025-01-18T11:00,226,226,26.0,17.2
2025-01-18T12:00,226,226,29.5,20.4
2025-01-18T13:00,233,233,29.2,20.1
2025-01-18T14:00,231,231,28.6,19.6
2025-01-18T15:00,228,231,23.4,14.8
2025-01-18T16:00,212,218,22.1,13.3
2025-01-18T17:00,208,213,23.7,14.3
2025-01-18T18:00,201,207,23.1,13.5
2025-01-18T19:00,200,204,21.5,12.2
2025-01-18T20:00,202,207,19.6,10.5
2025-01-18T21:00,207,209,18.1,8.9
2025-01-18T22:00,214,215,16.1,7.4
2025-01-18T23:00,205,211,17.4,8.5
2025-01-19T00:00,197,204,18.1,9.4
2025-01-19T01:00,200,207,15.3,8.0
2025-01-19T02:00,201,210,14.4,6.6
2025-01-19T03:00,196,204,13.8,7.3
2025-01-19T04:00,195,208,13.3,6.9
2025-01-19T05:00,181,202,12.6,7.2
2025-01-19T06:00,170,175,11.0,7.3
2025-01-19T07:00,185,166,8.2,6.5
2025-01-19T08:00,196,173,7.3,7.1
2025-01-19T09:00,203,196,6.7,7.0
2025-01-19T10:00,204,227,7.4,7.5
2025-01-19T11:00,215,234,8.5,6.6
2025-01-19T12:00,244,247,8.2,5.8
2025-01-19T13:00,257,258,6.8,4.6
2025-01-19T14:00,250,252,8.5,5.8
2025-01-19T15:00,224,227,10.1,6.0
2025-01-19T16:00,212,218,17.3,9.8
2025-01-19T17:00,207,214,22.5,12.9
2025-01-19T18:00,210,214,24.9,13.9
2025-01-19T19:00,215,218,27.4,15.6
2025-01-19T20:00,217,220,27.6,15.9
2025-01-19T21:00,216,219,28.0,16.1
2025-01-19T22:00,215,217,28.7,16.3
2025-01-19T23:00,214,215,29.3,16.2
2025-01-20T00:00,211,212,29.4,16.1
2025-01-20T01:00,223,219,25.6,13.9
2025-01-20T02:00,219,218,25.4,14.1
2025-01-20T03:00,221,220,26.6,14.5
2025-01-20T04:00,228,224,29.0,16.1
2025-01-20T05:00,226,225,29.7,16.4
2025-01-20T06:00,225,224,30.4,17.4
2025-01-20T07:00,223,223,29.9,16.9
2025-01-20T08:00,222,223,28.4,15.9
2025-01-20T09:00,224,226,26.7,15.0
2025-01-20T10:00,224,226,25.1,14.3
2025-01-20T11:00,220,225,23.8,13.7
2025-01-20T12:00,227,230,20.4,13.1
2025-01-20T13:00,228,229,18.4,12.1
2025-01-20T14:00,234,233,17.1,11.7
2025-01-20T15:00,227,229,16.3,9.6
2025-01-20T16:00,223,226,20.2,11.7
2025-01-20T17:00,224,229,24.2,14.0
2025-01-20T18:00,224,232,24.1,14.0
2025-01-20T19:00,220,229,22.7,12.9
2025-01-20T20:00,215,225,24.2,13.2
2025-01-20T21:00,218,225,23.7,12.3
2025-01-20T22:00,221,224,23.4,12.1
2025-01-20T23:00,227,229,22.1,12.2
2025-01-21T00:00,225,226,23.2,12.7
2025-01-21T01:00,225,231,22.7,12.7
2025-01-21T02:00,223,229,22.1,12.2
2025-01-21T03:00,221,228,21.2,11.9
2025-01-21T04:00,215,221,21.6,12.1
2025-01-21T05:00,222,226,21.6,11.6
2025-01-21T06:00,224,227,22.5,11.6
2025-01-21T07:00,225,227,23.6,12.2
2025-01-21T08:00,219,226,24.9,12.9
2025-01-21T09:00,221,227,26.6,14.5
2025-01-21T10:00,229,232,25.5,15.1
2025-01-21T11:00,232,233,19.5,13.2
2025-01-21T12:00,242,242,20.5,14.1
2025-01-21T13:00,258,258,19.5,13.4
2025-01-21T14:00,259,256,14.6,10.3
2025-01-21T15:00,253,250,11.9,7.9
2025-01-21T16:00,242,245,16.0,7.6
2025-01-21T17:00,213,225,18.7,9.2
2025-01-21T18:00,207,217,22.5,11.5
2025-01-21T19:00,202,210,22.4,11.3
2025-01-21T20:00,205,215,20.9,10.5
2025-01-21T21:00,207,222,21.7,11.4
2025-01-21T22:00,205,221,23.4,12.3
2025-01-21T23:00,206,219,23.7,12.4
2025-01-22T00:00,204,217,21.2,11.0
2025-01-22T01:00,209,228,18.5,9.9
2025-01-22T02:00,213,236,16.1,9.2
2025-01-22T03:00,221,245,13.5,7.4
2025-01-22T04:00,220,243,11.7,5.9
2025-01-22T05:00,219,254,8.4,4.6
2025-01-22T06:00,217,251,7.2,4.8
2025-01-22T07:00,227,254,9.0,6.1
2025-01-22T08:00,236,259,12.5,7.8
2025-01-22T09:00,243,266,13.5,8.0
2025-01-22T10:00,251,273,12.3,7.6
2025-01-22T11:00,270,277,10.3,7.6
2025-01-22T12:00,282,279,9.3,7.2
2025-01-22T13:00,259,263,8.9,6.8
2025-01-22T14:00,265,265,8.7,6.7
2025-01-22T15:00,268,268,8.8,5.8
2025-01-22T16:00,262,265,9.0,4.9
2025-01-22T17:00,241,260,8.0,4.1
2025-01-22T18:00,218,243,9.7,6.2
2025-01-22T19:00,215,238,11.5,8.1
2025-01-22T20:00,218,239,13.4,9.0
2025-01-22T21:00,218,245,12.2,7.8
2025-01-22T22:00,218,249,10.4,7.1
2025-01-22T23:00,217,246,10.9,7.7
2025-01-23T00:00,216,249,9.5,6.7
2025-01-23T01:00,231,240,13.7,7.7
2025-01-23T02:00,230,231,11.3,4.2
2025-01-23T03:00,168,198,8.3,2.6
2025-01-23T04:00,198,204,13.0,5.1
2025-01-23T05:00,179,190,16.3,7.4
2025-01-23T06:00,155,170,18.1,8.4
2025-01-23T07:00,154,162,22.7,12.6
2025-01-23T08:00,164,170,30.4,18.0
2025-01-23T09:00,158,159,35.1,21.7
2025-01-23T10:00,160,164,33.2,20.4
2025-01-23T11:00,154,159,29.5,18.4
2025-01-23T12:00,157,162,28.5,17.4
2025-01-23T13:00,159,163,34.2,20.8
2025-01-23T14:00,171,172,32.7,19.9
2025-01-23T15:00,190,189,24.9,14.1
2025-01-23T16:00,213,211,19.9,10.9
2025-01-23T17:00,225,230,25.7,14.8
2025-01-23T18:00,238,247,25.7,14.9
2025-01-23T19:00,238,245,34.9,20.2
2025-01-23T20:00,228,234,33.1,19.9
2025-01-23T21:00,222,225,32.8,19.8
2025-01-23T22:00,216,218,33.6,20.2
2025-01-23T23:00,203,204,31.2,18.3
2025-01-24T00:00,182,184,31.4,18.4
2025-01-24T01:00,146,150,28.8,17.2
2025-01-24T02:00,143,149,35.4,22.2
2025-01-24T03:00,124,132,41.2,25.7
2025-01-24T04:00,123,135,46.6,29.1
2025-01-24T05:00,139,146,54.3,33.2
2025-01-24T06:00,160,164,66.2,41.8
2025-01-24T07:00,191,192,84.2,54.2
2025-01-24T08:00,180,182,85.2,56.3
2025-01-24T09:00,185,186,90.2,59.8
2025-01-24T10:00,194,197,84.3,56.3
2025-01-24T11:00,207,209,83.4,55.2
2025-01-24T12:00,213,214,82.4,55.5
2025-01-24T13:00,219,222,90.0,59.0
2025-01-24T14:00,230,232,94.7,61.2
2025-01-24T15:00,241,241,92.6,60.8
2025-01-24T16:00,235,238,86.3,47.8
2025-01-24T17:00,233,237,83.6,41.2
2025-01-24T18:00,232,235,81.5,45.8
2025-01-24T19:00,224,229,70.5,37.9
2025-01-24T20:00,227,230,64.7,40.9
2025-01-24T21:00,229,231,60.9,39.5
2025-01-24T22:00,228,229,55.0,37.6
2025-01-24T23:00,228,228,51.5,34.9
2025-01-25T00:00,231,233,52.5,35.2
2025-01-25T01:00,233,234,53.3,34.4
2025-01-25T02:00,231,234,50.5,32.7
2025-01-25T03:00,229,232,48.0,31.0
2025-01-25T04:00,228,230,49.1,31.5
2025-01-25T05:00,228,230,51.6,32.9
2025-01-25T06:00,230,232,54.1,34.2
2025-01-25T07:00,232,235,53.1,33.6
2025-01-25T08:00,233,236,49.6,31.2
2025-01-25T09:00,237,240,46.9,29.3
2025-01-25T10:00,240,242,47.0,30.2
2025-01-25T11:00,241,243,44.0,28.3
2025-01-25T12:00,241,243,37.8,24.5
2025-01-25T13:00,239,241,39.5,25.9
2025-01-25T14:00,242,244,35.2,22.8
2025-01-25T15:00,236,238,33.6,21.2
2025-01-25T16:00,227,229,32.7,19.1
2025-01-25T17:00,212,216,30.3,16.2
2025-01-25T18:00,214,215,39.3,23.0
2025-01-25T19:00,211,210,38.0,22.6
2025-01-25T20:00,199,201,36.3,21.5
2025-01-25T21:00,182,185,37.2,22.0
2025-01-25T22:00,186,187,31.8,18.3
2025-01-25T23:00,199,202,33.9,20.3
2025-01-26T00:00,211,211,39.8,24.4
2025-01-26T01:00,208,209,41.6,25.8
2025-01-26T02:00,218,219,38.1,23.5
2025-01-26T03:00,216,218,37.7,22.8
2025-01-26T04:00,214,216,37.5,22.3
2025-01-26T05:00,210,213,38.6,22.2
2025-01-26T06:00,212,213,37.4,21.9
2025-01-26T07:00,208,210,32.7,18.0
2025-01-26T08:00,194,198,31.0,17.1
2025-01-26T09:00,180,182,31.3,17.6
2025-01-26T10:00,170,172,31.1,19.0
2025-01-26T11:00,171,173,26.7,17.3
2025-01-26T12:00,142,147,19.7,12.6
2025-01-26T13:00,123,131,18.8,12.4
2025-01-26T14:00,89,95,21.3,14.8
2025-01-26T15:00,105,113,24.5,16.6
2025-01-26T16:00,105,112,31.7,19.9
2025-01-26T17:00,94,102,32.4,21.5
2025-01-26T18:00,107,115,35.5,21.8
2025-01-26T19:00,121,127,36.1,22.0
2025-01-26T20:00,125,132,34.4,21.2
2025-01-26T21:00,128,134,35.6,21.7
2025-01-26T22:00,138,145,33.2,19.5
2025-01-26T23:00,158,164,36.5,21.0
2025-01-27T00:00,165,168,35.8,20.5
2025-01-27T01:00,134,141,29.2,16.7
2025-01-27T02:00,136,145,27.7,14.6
2025-01-27T03:00,141,146,32.0,18.3
2025-01-27T04:00,145,150,28.1,15.6
2025-01-27T05:00,141,152,20.2,10.4
2025-01-27T06:00,146,157,16.2,7.4
2025-01-27T07:00,151,175,12.6,4.5
2025-01-27T08:00,178,194,15.6,5.8
2025-01-27T09:00,186,195,15.8,5.2
2025-01-27T10:00,199,200,17.5,8.9
2025-01-27T11:00,186,191,16.9,9.2
2025-01-27T12:00,179,182,17.8,11.2
2025-01-27T13:00,131,152,9.7,6.2
2025-01-27T14:00,146,155,17.9,11.8
2025-01-27T15:00,169,177,20.9,12.8
2025-01-27T16:00,177,186,16.1,6.7
2025-01-27T17:00,103,178,9.7,2.4
2025-01-27T18:00,95,147,10.3,4.3
2025-01-27T19:00,122,158,16.3,5.1
2025-01-27T20:00,116,163,14.5,4.6
2025-01-27T21:00,71,144,8.9,3.2
2025-01-27T22:00,53,87,6.5,4.8
2025-01-27T23:00,68,68,15.7,9.7
2025-01-28T00:00,81,66,21.7,9.9
2025-01-28T01:00,78,70,20.7,8.6
2025-01-28T02:00,75,65,19.0,7.5
2025-01-28T03:00,44,47,22.8,11.2
2025-01-28T04:00,39,42,31.0,18.4
2025-01-28T05:00,43,45,32.5,19.9
2025-01-28T06:00,41,45,30.7,18.9
2025-01-28T07:00,36,40,29.5,18.5
2025-01-28T08:00,27,31,27.9,17.7
2025-01-28T09:00,16,22,24.3,15.2
2025-01-28T10:00,4,11,16.5,10.5
2025-01-28T11:00,351,359,9.9,6.9
2025-01-28T12:00,328,328,6.1,4.7
2025-01-28T13:00,283,287,12.0,8.7
2025-01-28T14:00,289,295,19.5,12.6
2025-01-28T15:00,300,308,23.0,14.2
2025-01-28T16:00,305,313,22.2,13.4
2025-01-28T17:00,283,294,23.7,13.5
2025-01-28T18:00,271,283,25.7,14.6
2025-01-28T19:00,262,276,27.2,14.9
2025-01-28T20:00,264,277,30.8,17.0
2025-01-28T21:00,260,272,31.9,17.7
2025-01-28T22:00,259,270,34.0,19.1
2025-01-28T23:00,259,268,36.0,21.1
2025-01-29T00:00,267,272,35.1,21.1
2025-01-29T01:00,272,279,34.8,20.7
2025-01-29T02:00,276,280,38.4,23.5
2025-01-29T03:00,273,278,38.0,23.4
2025-01-29T04:00,276,283,33.8,20.6
2025-01-29T05:00,268,279,29.7,17.7
2025-01-29T06:00,236,246,33.7,19.3
2025-01-29T07:00,251,259,38.9,22.1
2025-01-29T08:00,258,266,35.0,19.0
2025-01-29T09:00,258,268,34.2,18.4
2025-01-29T10:00,262,271,33.7,18.2
2025-01-29T11:00,260,271,33.3,18.1
2025-01-29T12:00,267,274,32.5,17.8
2025-01-29T13:00,269,280,32.6,19.3
2025-01-29T14:00,271,279,30.8,17.5
2025-01-29T15:00,276,282,30.4,18.5
2025-01-29T16:00,281,287,32.6,19.2
2025-01-29T17:00,271,281,29.9,16.7
2025-01-29T18:00,262,274,35.2,19.2
2025-01-29T19:00,264,274,35.2,19.7
2025-01-29T20:00,262,272,33.5,18.7
2025-01-29T21:00,260,270,34.6,19.0
2025-01-29T22:00,265,272,35.7,19.9
2025-01-29T23:00,262,270,36.2,20.2
2025-01-30T00:00,257,265,36.2,20.3
2025-01-30T01:00,255,264,36.4,20.5
2025-01-30T02:00,256,264,36.7,20.7
2025-01-30T03:00,259,265,37.2,21.1
2025-01-30T04:00,259,265,34.1,19.1
2025-01-30T05:00,254,262,33.4,18.5
2025-01-30T06:00,251,260,32.8,17.9
2025-01-30T07:00,254,262,30.6,16.5
2025-01-30T08:00,257,266,30.3,16.3
2025-01-30T09:00,258,267,30.3,16.6
2025-01-30T10:00,260,266,29.2,16.8
2025-01-30T11:00,254,261,26.6,15.0
2025-01-30T12:00,252,259,26.1,15.0
2025-01-30T13:00,260,264,24.6,15.9
2025-01-30T14:00,263,266,20.2,13.2
2025-01-30T15:00,256,261,19.1,11.7
2025-01-30T16:00,240,249,20.5,11.2
2025-01-30T17:00,216,236,22.1,11.8
2025-01-30T18:00,213,230,27.1,14.6
2025-01-30T19:00,204,220,27.1,14.4
2025-01-30T20:00,206,216,28.3,15.0
2025-01-30T21:00,206,215,28.8,15.2
2025-01-30T22:00,199,207,26.9,13.9
2025-01-30T23:00,191,201,25.2,13.6
2025-01-31T00:00,183,191,25.1,13.2
2025-01-31T01:00,177,181,26.1,14.6
2025-01-31T02:00,171,177,22.7,12.0
2025-01-31T03:00,200,196,17.4,7.3
2025-01-31T04:00,156,187,7.8,1.8
2025-01-31T05:00,132,170,6.0,2.7
2025-01-31T06:00,90,284,0.7,0.4
2025-01-31T07:00,153,6,1.8,0.4
2025-01-31T08:00,172,72,2.3,1.3
2025-01-31T09:00,249,282,7.0,5.0
2025-01-31T10:00,250,278,9.8,8.4
2025-01-31T11:00,257,268,12.6,8.1
2025-01-31T12:00,229,235,6.6,4.1
2025-01-31T13:00,233,230,7.0,4.8
2025-01-31T14:00,205,207,5.5,3.8
2025-01-31T15:00,246,240,5.8,3.9
2025-01-31T16:00,180,207,4.4,2.0
2025-01-31T17:00,172,180,8.6,6.2
2025-01-31T18:00,196,210,12.7,9.2
2025-01-31T19:00,197,218,13.3,10.2
2025-01-31T20:00,194,212,14.8,10.7
2025-01-31T21:00,191,210,16.0,10.8
2025-01-31T22:00,197,212,17.1,10.0
2025-01-31T23:00,203,210,19.8,9.4
2025-02-01T00:00,196,201,20.2,8.6
2025-02-01T01:00,201,204,25.9,12.9
2025-02-01T02:00,194,198,26.2,13.2
2025-02-01T03:00,186,190,24.8,11.6
2025-02-01T04:00,191,191,23.9,9.7
2025-02-01T05:00,198,197,24.7,10.0
2025-02-01T06:00,203,200,23.2,10.3
2025-02-01T07:00,198,201,19.7,6.8
2025-02-01T08:00,180,194,19.1,6.7
2025-02-01T09:00,186,192,21.9,11.2
2025-02-01T10:00,190,194,19.7,11.3
2025-02-01T11:00,181,187,19.4,12.1
2025-02-01T12:00,188,189,22.8,14.5
2025-02-01T13:00,202,201,23.6,15.7
2025-02-01T14:00,198,199,23.0,14.7
2025-02-01T15:00,201,199,20.0,11.7
2025-02-01T16:00,200,201,23.2,12.9
2025-02-01T17:00,183,191,25.3,13.2
2025-02-01T18:00,189,192,28.9,15.7
2025-02-01T19:00,193,194,29.1,15.5
2025-02-01T20:00,235,212,19.8,8.4
2025-02-01T21:00,219,213,16.0,5.1
2025-02-01T22:00,179,196,19.3,7.0
2025-02-01T23:00,211,208,22.1,9.0
2025-02-02T00:00,200,201,31.2,15.1
2025-02-02T01:00,225,211,19.3,8.7
2025-02-02T02:00,205,205,16.3,5.6
2025-02-02T03:00,190,196,19.9,8.2
2025-02-02T04:00,208,203,23.3,11.2
2025-02-02T05:00,206,202,30.1,16.0
2025-02-02T06:00,204,199,32.6,17.3
2025-02-02T07:00,197,197,35.5,19.8
2025-02-02T08:00,199,198,37.5,21.9
2025-02-02T09:00,199,199,37.3,21.7
2025-02-02T10:00,209,208,37.2,22.2
2025-02-02T11:00,208,207,38.1,23.3
2025-02-02T12:00,206,206,40.9,25.8
2025-02-02T13:00,219,217,39.2,24.7
2025-02-02T14:00,216,215,41.1,25.7
2025-02-02T15:00,215,215,41.5,26.0
2025-02-02T16:00,210,213,37.9,23.2
2025-02-02T17:00,215,216,37.3,22.2
2025-02-02T18:00,211,213,34.7,20.5
2025-02-02T19:00,210,211,33.3,19.6
2025-02-02T20:00,212,214,31.8,19.2
2025-02-02T21:00,212,214,28.6,17.2
2025-02-02T22:00,214,216,27.7,16.1
2025-02-02T23:00,223,222,29.8,17.6
2025-02-03T00:00,219,219,32.1,19.1
2025-02-03T01:00,217,217,35.6,21.3
2025-02-03T02:00,220,218,37.1,21.7
2025-02-03T03:00,219,218,38.1,22.3
2025-02-03T04:00,214,213,40.1,23.4
2025-02-03T05:00,211,211,41.6,24.2
2025-02-03T06:00,203,203,43.0,25.2
2025-02-03T07:00,204,204,41.9,24.8
2025-02-03T08:00,201,201,45.6,27.2
2025-02-03T09:00,199,200,48.4,29.7
2025-02-03T10:00,196,197,49.2,31.3
2025-02-03T11:00,199,199,39.9,25.3
2025-02-03T12:00,201,202,35.9,22.8
2025-02-03T13:00,209,209,46.5,30.2
2025-02-03T14:00,208,208,47.0,30.4
2025-02-03T15:00,206,208,53.3,33.7
2025-02-03T16:00,205,206,55.7,35.4
2025-02-03T17:00,204,205,55.7,35.4
2025-02-03T18:00,204,204,56.7,36.1
2025-02-03T19:00,204,204,55.9,35.5
2025-02-03T20:00,201,202,54.2,34.1
2025-02-03T21:00,198,200,55.1,34.7
2025-02-03T22:00,199,199,59.0,37.4
2025-02-03T23:00,198,198,58.5,37.1
2025-02-04T00:00,194,196,57.6,36.4
2025-02-04T01:00,192,193,60.5,38.8
2025-02-04T02:00,190,191,59.2,37.9
2025-02-04T03:00,191,193,59.7,38.0
2025-02-04T04:00,192,193,59.9,38.1
2025-02-04T05:00,194,195,60.8,38.5
2025-02-04T06:00,192,193,60.0,38.3
2025-02-04T07:00,192,193,59.0,37.6
2025-02-04T08:00,192,194,54.7,34.6
2025-02-04T09:00,197,199,51.0,32.0
2025-02-04T10:00,206,208,44.1,27.2
2025-02-04T11:00,219,223,30.1,18.0
2025-02-04T12:00,234,238,30.9,18.7
2025-02-04T13:00,252,253,38.9,24.4
2025-02-04T14:00,235,238,31.3,19.5
2025-02-04T15:00,223,226,33.2,20.6
2025-02-04T16:00,220,222,39.3,24.5
2025-02-04T17:00,223,224,43.4,27.1
2025-02-04T18:00,235,237,45.0,28.6
2025-02-04T19:00,244,246,43.9,28.2
2025-02-04T20:00,255,257,46.9,30.0
2025-02-04T21:00,248,251,40.6,25.5
2025-02-04T22:00,241,244,39.2,24.5
2025-02-04T23:00,235,237,37.8,23.5
2025-02-05T00:00,237,240,39.5,24.8
2025-02-05T01:00,233,235,38.8,24.0
2025-02-05T02:00,235,237,40.7,25.2
2025-02-05T03:00,236,238,40.6,25.3
2025-02-05T04:00,240,242,41.3,25.6
2025-02-05T05:00,242,244,40.9,25.4
2025-02-05T06:00,245,247,39.8,24.6
2025-02-05T07:00,247,249,37.3,22.9
2025-02-05T08:00,246,248,36.0,22.2
2025-02-05T09:00,242,245,33.5,20.1
2025-02-05T10:00,241,244,29.1,17.6
2025-02-05T11:00,238,241,26.2,17.0
2025-02-05T12:00,247,249,30.1,20.7
2025-02-05T13:00,251,252,30.5,20.8
2025-02-05T14:00,253,254,28.8,19.4
2025-02-05T15:00,248,249,27.8,18.5
2025-02-05T16:00,243,246,27.8,17.4
2025-02-05T17:00,243,249,28.9,16.9
2025-02-05T18:00,240,247,30.0,17.1
2025-02-05T19:00,236,246,30.1,16.1
2025-02-05T20:00,227,238,29.8,15.9
2025-02-05T21:00,227,239,30.7,15.9
2025-02-05T22:00,232,242,30.0,15.5
2025-02-05T23:00,232,243,28.7,15.0
2025-02-06T00:00,223,236,27.2,14.0
2025-02-06T01:00,219,228,28.9,15.1
2025-02-06T02:00,224,231,28.8,14.6
2025-02-06T03:00,220,228,26.3,13.2
2025-02-06T04:00,212,221,25.0,12.1
2025-02-06T05:00,212,219,25.4,12.1
2025-02-06T06:00,209,217,26.4,12.6
2025-02-06T07:00,209,218,24.3,11.4
2025-02-06T08:00,206,216,23.2,10.8
2025-02-06T09:00,205,214,22.5,11.0
2025-02-06T10:00,209,216,18.6,9.3
2025-02-06T11:00,188,204,15.2,5.1
2025-02-06T12:00,166,180,6.8,3.7
2025-02-06T13:00,216,204,6.5,4.0
2025-02-06T14:00,259,217,3.6,1.8
2025-02-06T15:00,56,140,1.4,1.3
2025-02-06T16:00,70,96,6.9,4.8
2025-02-06T17:00,111,114,11.0,5.0
2025-02-06T18:00,157,155,15.9,7.8
2025-02-06T19:00,167,155,18.9,9.6
2025-02-06T20:00,169,156,21.6,10.4
2025-02-06T21:00,167,160,23.6,10.9
2025-02-06T22:00,161,160,23.0,10.3
2025-02-06T23:00,158,161,22.7,9.7
2025-02-07T00:00,157,162,22.3,8.8
2025-02-07T01:00,163,160,14.2,5.5
2025-02-07T02:00,163,154,13.4,5.5
2025-02-07T03:00,157,143,13.6,6.1
2025-02-07T04:00,153,125,12.8,5.5
2025-02-07T05:00,163,114,10.5,3.8
2025-02-07T06:00,151,93,9.7,1.9
2025-02-07T07:00,124,86,11.5,1.9
2025-02-07T08:00,107,86,14.4,4.9
2025-02-07T09:00,93,86,21.1,10.5
2025-02-07T10:00,79,78,23.2,13.4
2025-02-07T11:00,77,79,24.2,16.6
2025-02-07T12:00,73,74,26.8,19.0
2025-02-07T13:00,75,77,25.3,17.6
2025-02-07T14:00,78,82,24.0,16.0
2025-02-07T15:00,82,87,23.8,15.1
2025-02-07T16:00,81,87,24.2,14.6
2025-02-07T17:00,83,86,25.3,15.0
2025-02-07T18:00,91,92,24.9,14.6
2025-02-07T19:00,94,93,22.7,12.8
2025-02-07T20:00,94,90,21.8,11.6
2025-02-07T21:00,91,87,23.8,12.8
2025-02-07T22:00,94,91,25.2,14.1
2025-02-07T23:00,96,93,24.3,13.4
2025-02-08T00:00,93,89,24.5,13.3
2025-02-08T01:00,86,85,23.8,13.7
2025-02-08T02:00,82,80,23.8,14.0
2025-02-08T03:00,83,82,26.1,16.0
2025-02-08T04:00,78,78,23.7,14.2
2025-02-08T05:00,65,63,24.7,14.7
2025-02-08T06:00,71,72,26.2,16.2
2025-02-08T07:00,75,76,23.5,14.3
2025-02-08T08:00,80,78,22.2,13.0
2025-02-08T09:00,93,91,19.6,11.2
2025-02-08T10:00,91,91,14.6,9.9
2025-02-08T11:00,90,94,10.3,7.4
2025-02-08T12:00,73,79,7.5,5.6
2025-02-08T13:00,70,74,13.7,10.1
2025-02-08T14:00,62,67,15.1,10.8
2025-02-08T15:00,63,69,15.4,10.5
2025-02-08T16:00,70,74,19.1,11.8
2025-02-08T17:00,71,75,19.4,11.6
2025-02-08T18:00,55,58,18.1,10.5
2025-02-08T19:00,53,53,18.6,10.5
2025-02-08T20:00,51,52,19.5,11.1
2025-02-08T21:00,55,58,19.2,11.0
2025-02-08T22:00,67,70,18.8,11.0
2025-02-08T23:00,76,79,19.4,11.1
2025-02-09T00:00,79,82,22.6,13.4
2025-02-09T01:00,88,92,22.7,13.3
2025-02-09T02:00,85,87,22.5,12.5
2025-02-09T03:00,80,80,23.4,12.8
2025-02-09T04:00,69,69,22.3,11.6
2025-02-09T05:00,53,58,21.3,10.2
2025-02-09T06:00,37,47,21.5,10.7
2025-02-09T07:00,52,58,24.9,13.1
2025-02-09T08:00,59,62,26.4,15.2
2025-02-09T09:00,55,59,27.8,17.3
2025-02-09T10:00,63,67,29.0,19.3
2025-02-09T11:00,71,74,29.8,19.8
2025-02-09T12:00,74,76,29.9,20.1
2025-02-09T13:00,68,71,26.5,18.6
2025-02-09T14:00,73,76,24.9,17.5
2025-02-09T15:00,65,67,25.2,17.1
2025-02-09T16:00,61,62,28.4,18.4
2025-02-09T17:00,65,66,28.6,17.9
2025-02-09T18:00,69,70,28.5,17.7
2025-02-09T19:00,74,74,30.5,19.1
2025-02-09T20:00,77,77,30.1,18.6
2025-02-09T21:00,77,78,31.5,19.8
2025-02-09T22:00,76,78,31.0,19.6
2025-02-09T23:00,80,82,31.7,19.7
2025-02-10T00:00,78,79,34.9,22.3
2025-02-10T01:00,71,71,33.1,21.2
2025-02-10T02:00,70,71,33.0,21.4
2025-02-10T03:00,71,71,33.3,21.9
2025-02-10T04:00,69,70,32.4,21.4
2025-02-10T05:00,65,67,33.1,21.6
2025-02-10T06:00,65,66,33.4,21.7
2025-02-10T07:00,64,65,34.6,22.5
2025-02-10T08:00,65,66,37.9,24.5
2025-02-10T09:00,66,68,36.3,23.8
2025-02-10T10:00,64,65,36.6,24.2
2025-02-10T11:00,68,69,37.9,26.3
2025-02-10T12:00,72,73,36.0,25.3
2025-02-10T13:00,72,72,41.8,29.2
2025-02-10T14:00,73,75,37.9,26.5
2025-02-10T15:00,73,73,40.0,27.7
2025-02-10T16:00,72,72,38.5,26.2
2025-02-10T17:00,68,69,37.9,25.0
2025-02-10T18:00,70,73,35.5,23.1
2025-02-10T19:00,69,71,34.0,22.1
2025-02-10T20:00,73,74,35.3,22.9
2025-02-10T21:00,74,75,35.0,22.7
2025-02-10T22:00,72,73,32.7,21.2
2025-02-10T23:00,71,72,31.5,20.6
2025-02-11T00:00,74,75,32.0,21.0
2025-02-11T01:00,80,82,32.6,21.0
2025-02-11T02:00,81,82,32.7,20.8
2025-02-11T03:00,72,73,32.7,21.0
2025-02-11T04:00,79,80,33.4,21.6
2025-02-11T05:00,77,77,31.4,20.2
2025-02-11T06:00,74,75,32.4,21.0
2025-02-11T07:00,74,75,34.8,22.6
2025-02-11T08:00,75,76,32.5,20.9
2025-02-11T09:00,77,78,32.0,20.9
2025-02-11T10:00,77,78,30.0,20.5
2025-02-11T11:00,71,72,28.7,19.4
2025-02-11T12:00,81,82,36.2,25.3
2025-02-11T13:00,77,79,36.9,25.7
2025-02-11T14:00,74,76,34.7,24.2
2025-02-11T15:00,73,75,34.5,23.9
2025-02-11T16:00,71,73,35.9,23.7
2025-02-11T17:00,72,73,35.7,23.7
2025-02-11T18:00,75,76,35.1,23.3
2025-02-11T19:00,76,77,34.5,22.8
2025-02-11T20:00,75,77,32.0,20.8
2025-02-11T21:00,74,76,30.7,19.7
2025-02-11T22:00,77,79,31.9,20.3
2025-02-11T23:00,82,85,30.9,19.6
2025-02-12T00:00,80,83,33.4,21.4
2025-02-12T01:00,78,80,32.5,21.0
2025-02-12T02:00,74,76,31.8,20.6
2025-02-12T03:00,76,78,30.9,19.9
2025-02-12T04:00,78,80,28.5,18.2
2025-02-12T05:00,78,79,29.2,18.8
2025-02-12T06:00,76,77,28.8,18.6
2025-02-12T07:00,72,73,27.3,17.6
2025-02-12T08:00,69,70,28.5,18.3
2025-02-12T09:00,72,73,29.6,19.1
2025-02-12T10:00,76,77,30.3,20.7
2025-02-12T11:00,79,80,32.4,22.7
2025-02-12T12:00,78,78,33.3,23.6
2025-02-12T13:00,73,73,32.2,22.8
2025-02-12T14:00,74,74,32.9,23.5
2025-02-12T15:00,72,73,31.7,22.4
2025-02-12T16:00,73,74,29.3,19.5
2025-02-12T17:00,76,77,27.4,18.0
2025-02-12T18:00,78,79,27.5,18.0
2025-02-12T19:00,82,82,26.9,17.3
2025-02-12T20:00,84,84,26.2,16.8
2025-02-12T21:00,85,85,24.8,15.5
2025-02-12T22:00,86,86,23.1,14.2
2025-02-12T23:00,86,85,21.1,12.6
2025-02-13T00:00,85,82,20.2,11.7
2025-02-13T01:00,90,88,21.4,13.0
2025-02-13T02:00,90,88,19.6,11.2
2025-02-13T03:00,90,87,19.3,10.8
2025-02-13T04:00,91,87,19.5,10.8
2025-02-13T05:00,90,87,19.5,10.8
2025-02-13T06:00,86,85,21.1,12.3
2025-02-13T07:00,89,90,20.9,12.4
2025-02-13T08:00,92,92,17.1,9.7
2025-02-13T09:00,82,83,15.2,8.7
2025-02-13T10:00,81,82,14.5,9.6
2025-02-13T11:00,91,92,22.7,16.0
2025-02-13T12:00,93,95,27.6,19.5
2025-02-13T13:00,89,90,24.1,17.1
2025-02-13T14:00,89,91,23.0,16.7
2025-02-13T15:00,82,85,24.4,16.5
2025-02-13T16:00,83,84,27.0,18.0
2025-02-13T17:00,81,81,26.2,16.8
2025-02-13T18:00,86,87,24.7,15.2
2025-02-13T19:00,103,105,23.1,13.9
2025-02-13T20:00,108,110,24.8,15.1
2025-02-13T21:00,106,109,23.6,14.1
2025-02-13T22:00,100,102,21.5,12.8
2025-02-13T23:00,111,114,21.0,12.7
2025-02-14T00:00,124,129,19.1,11.0
2025-02-14T01:00,115,123,18.2,10.1
2025-02-14T02:00,109,117,19.6,11.2
2025-02-14T03:00,106,116,19.8,11.4
2025-02-14T04:00,118,125,21.0,12.2
2025-02-14T05:00,123,129,20.1,10.9
2025-02-14T06:00,129,134,20.4,10.9
2025-02-14T07:00,136,140,20.6,10.8
2025-02-14T08:00,139,143,21.6,11.6
2025-02-14T09:00,133,139,21.8,12.9
2025-02-14T10:00,129,135,19.5,13.0
2025-02-14T11:00,140,144,18.0,12.7
2025-02-14T12:00,136,141,17.5,12.5
2025-02-14T13:00,141,144,16.2,11.6
2025-02-14T14:00,130,135,15.0,10.7
2025-02-14T15:00,134,138,14.3,9.9
2025-02-14T16:00,124,133,14.7,8.7
2025-02-14T17:00,133,141,16.0,8.1
2025-02-14T18:00,140,150,18.5,8.7
2025-02-14T19:00,143,153,20.6,9.5
2025-02-14T20:00,146,155,21.3,10.0
2025-02-14T21:00,150,158,18.7,9.0
2025-02-14T22:00,158,166,17.4,8.6
2025-02-14T23:00,171,176,14.2,6.7
2025-02-15T00:00,203,191,7.3,2.3
2025-02-15T01:00,174,183,6.5,1.8
2025-02-15T02:00,49,79,1.8,1.9
2025-02-15T03:00,66,74,2.6,1.8
2025-02-15T04:00,96,103,3.3,1.6
2025-02-15T05:00,72,80,3.1,1.7
2025-02-15T06:00,56,56,5.8,4.1
2025-02-15T07:00,67,67,7.8,4.7
2025-02-15T08:00,63,73,4.9,2.8
2025-02-15T09:00,45,49,5.2,4.1
2025-02-15T10:00,45,49,7.4,5.6
2025-02-15T11:00,54,58,8.1,6.2
2025-02-15T12:00,40,41,6.6,5.4
2025-02-15T13:00,55,53,9.9,7.5
2025-02-15T14:00,66,66,14.7,11.0
2025-02-15T15:00,72,72,13.8,10.2
2025-02-15T16:00,76,74,15.3,10.6
2025-02-15T17:00,79,77,18.9,11.9
2025-02-15T18:00,78,78,17.8,10.7
2025-02-15T19:00,84,83,16.9,9.8
2025-02-15T20:00,90,88,17.6,10.4
2025-02-15T21:00,90,89,18.5,11.0
2025-02-15T22:00,91,93,20.4,12.2
2025-02-15T23:00,94,99,20.1,11.9
2025-02-16T00:00,100,105,19.8,11.7
2025-02-16T01:00,101,108,20.1,11.8
2025-02-16T02:00,102,109,20.0,12.0
2025-02-16T03:00,104,112,20.2,12.0
2025-02-16T04:00,108,113,20.8,12.5
2025-02-16T05:00,111,117,20.9,12.4
2025-02-16T06:00,109,116,22.2,13.3
2025-02-16T07:00,105,112,22.4,13.6
2025-02-16T08:00,108,116,21.1,12.7
2025-02-16T09:00,117,125,20.3,12.3
2025-02-16T10:00,118,124,21.2,14.0
2025-02-16T11:00,127,132,24.4,16.6
2025-02-16T12:00,135,137,27.3,19.0
2025-02-16T13:00,137,140,26.2,18.2
2025-02-16T14:00,140,143,25.8,17.6
2025-02-16T15:00,138,141,25.0,16.8
2025-02-16T16:00,137,140,23.6,15.7
2025-02-16T17:00,127,135,21.8,13.0
2025-02-16T18:00,119,130,20.4,11.7
2025-02-16T19:00,120,131,19.9,10.8
2025-02-16T20:00,122,132,20.8,11.7
2025-02-16T21:00,128,136,23.3,13.2
2025-02-16T22:00,137,144,25.0,14.1
2025-02-16T23:00,141,147,26.8,15.1
2025-02-17T00:00,144,149,28.1,16.1
2025-02-17T01:00,148,155,25.2,14.4
2025-02-17T02:00,146,156,21.7,12.2
2025-02-17T03:00,144,157,19.0,10.2
2025-02-17T04:00,130,150,14.9,7.0
2025-02-17T05:00,116,141,12.9,6.2
2025-02-17T06:00,115,134,14.4,7.7
2025-02-17T07:00,115,135,13.7,7.3
2025-02-17T08:00,122,141,14.1,7.2
2025-02-17T09:00,133,148,9.8,5.9
2025-02-17T10:00,121,136,8.5,5.6
2025-02-17T11:00,114,125,10.7,7.5
2025-02-17T12:00,129,137,12.9,9.1
2025-02-17T13:00,133,142,14.2,9.6
2025-02-17T14:00,133,139,17.4,12.0
2025-02-17T15:00,136,140,20.2,13.7
2025-02-17T16:00,127,134,18.7,12.3
2025-02-17T17:00,125,137,19.1,11.4
2025-02-17T18:00,124,136,21.0,12.2
2025-02-17T19:00,123,136,22.1,12.7
2025-02-17T20:00,124,136,23.4,13.6
2025-02-17T21:00,126,136,25.1,14.8
2025-02-17T22:00,139,146,24.9,14.4
2025-02-17T23:00,137,146,25.8,14.9
2025-02-18T00:00,143,150,26.5,15.2
2025-02-18T01:00,138,147,24.7,14.3
2025-02-18T02:00,133,140,26.8,15.9
2025-02-18T03:00,141,148,25.2,14.6
2025-02-18T04:00,140,146,24.0,13.9
2025-02-18T05:00,137,144,24.9,15.2
2025-02-18T06:00,132,140,23.5,14.7
2025-02-18T07:00,126,136,22.0,13.6
2025-02-18T08:00,126,137,21.7,13.1
2025-02-18T09:00,129,138,22.2,13.7
2025-02-18T10:00,120,131,16.5,10.7
2025-02-18T11:00,109,124,11.3,7.6
2025-02-18T12:00,112,122,11.1,7.8
2025-02-18T13:00,88,107,9.2,6.1
2025-02-18T14:00,60,69,12.0,9.0
2025-02-18T15:00,69,70,15.1,11.0
2025-02-18T16:00,92,105,15.6,10.4
2025-02-18T17:00,111,127,18.3,10.8
2025-02-18T18:00,121,135,21.3,11.5
2025-02-18T19:00,128,138,24.5,13.5
2025-02-18T20:00,134,143,27.3,15.0
2025-02-18T21:00,132,145,25.2,13.4
2025-02-18T22:00,136,148,25.5,13.7
2025-02-18T23:00,143,150,27.7,15.2
2025-02-19T00:00,144,150,28.4,15.4
2025-02-19T01:00,148,152,30.3,16.8
2025-02-19T02:00,145,151,28.9,15.8
2025-02-19T03:00,144,151,27.7,14.5
2025-02-19T04:00,143,152,28.7,15.2
2025-02-19T05:00,141,150,30.1,16.0
2025-02-19T06:00,142,151,30.1,16.3
2025-02-19T07:00,143,152,31.4,17.2
2025-02-19T08:00,150,156,32.3,17.5
2025-02-19T09:00,146,152,32.7,18.1
2025-02-19T10:00,141,150,37.1,15.6
2025-02-19T11:00,93,150,24.9,6.8
2025-02-19T12:00,81,162,26.8,4.7
2025-02-19T13:00,157,166,30.5,16.2
2025-02-19T14:00,165,172,30.9,17.5
2025-02-19T15:00,177,180,37.6,22.9
2025-02-19T16:00,179,178,34.2,20.9
2025-02-19T17:00,178,180,32.8,19.3
2025-02-19T18:00,177,183,27.9,15.1
2025-02-19T19:00,164,173,29.7,16.5
2025-02-19T20:00,144,163,25.7,13.9
2025-02-19T21:00,151,166,31.5,17.5
2025-02-19T22:00,151,159,36.3,21.2
2025-02-19T23:00,142,157,31.6,18.0
2025-02-20T00:00,159,168,41.7,24.5
2025-02-20T01:00,174,175,57.7,35.7
2025-02-20T02:00,176,176,56.1,34.8
2025-02-20T03:00,182,183,50.9,31.3
2025-02-20T04:00,187,190,47.6,29.0
2025-02-20T05:00,188,191,45.4,27.3
2025-02-20T06:00,183,187,49.5,30.1
2025-02-20T07:00,185,189,47.9,29.4
2025-02-20T08:00,184,186,50.2,31.0
2025-02-20T09:00,186,188,56.1,35.6
2025-02-20T10:00,195,196,57.6,36.1
2025-02-20T11:00,195,197,59.7,38.1
2025-02-20T12:00,201,201,64.8,41.9
2025-02-20T13:00,199,199,50.8,32.3
2025-02-20T14:00,200,200,60.7,39.3
2025-02-20T15:00,216,216,58.8,38.1
2025-02-20T16:00,223,224,61.1,40.0
2025-02-20T17:00,222,223,54.5,34.9
2025-02-20T18:00,220,221,51.7,32.5
2025-02-20T19:00,216,217,51.6,32.4
2025-02-20T20:00,214,215,46.8,29.2
2025-02-20T21:00,207,207,45.1,27.8
2025-02-20T22:00,203,204,45.7,28.3
2025-02-20T23:00,199,200,46.0,28.3
2025-02-21T00:00,198,198,47.4,29.4
2025-02-21T01:00,201,202,48.7,30.3
2025-02-21T02:00,193,194,49.8,30.8
2025-02-21T03:00,182,185,49.3,30.4
2025-02-21T04:00,174,177,48.9,30.3
2025-02-21T05:00,173,176,54.9,33.9
2025-02-21T06:00,170,171,58.2,36.5
2025-02-21T07:00,164,167,56.7,36.1
2025-02-21T08:00,170,173,58.3,37.0
2025-02-21T09:00,178,181,56.9,36.2
2025-02-21T10:00,182,185,60.4,38.2
2025-02-21T11:00,183,186,60.8,38.6
2025-02-21T12:00,192,193,69.0,44.0
2025-02-21T13:00,197,196,71.6,46.4
2025-02-21T14:00,194,194,63.3,41.2
2025-02-21T15:00,193,193,74.9,48.1
2025-02-21T16:00,197,197,65.2,42.2
2025-02-21T17:00,208,209,59.4,38.8
2025-02-21T18:00,231,231,47.0,30.1
2025-02-21T19:00,217,218,41.5,25.6
2025-02-21T20:00,210,211,44.4,27.4
2025-02-21T21:00,211,211,44.8,27.6
2025-02-21T22:00,205,207,41.9,25.5
2025-02-21T23:00,199,201,39.4,23.9
2025-02-22T00:00,198,200,39.8,24.2
2025-02-22T01:00,207,207,41.4,25.4
2025-02-22T02:00,205,207,40.5,25.1
2025-02-22T03:00,201,203,42.0,26.0
2025-02-22T04:00,204,205,40.7,24.8
2025-02-22T05:00,205,207,39.8,24.5
2025-02-22T06:00,208,210,38.1,23.5
2025-02-22T07:00,211,213,36.3,22.0
2025-02-22T08:00,210,212,34.3,20.3
2025-02-22T09:00,216,216,32.7,20.4
2025-02-22T10:00,223,223,34.6,23.3
2025-02-22T11:00,229,228,37.1,25.5
2025-02-22T12:00,233,233,35.9,24.4
2025-02-22T13:00,238,238,40.0,27.5
2025-02-22T14:00,240,241,39.6,26.7
2025-02-22T15:00,245,245,39.1,26.5
2025-02-22T16:00,235,236,37.9,24.3
2025-02-22T17:00,236,238,37.1,23.1
2025-02-22T18:00,230,233,36.0,21.6
2025-02-22T19:00,229,232,36.4,21.7
2025-02-22T20:00,224,228,34.8,20.6
2025-02-22T21:00,215,219,33.9,19.5
2025-02-22T22:00,209,213,35.7,20.5
2025-02-22T23:00,205,207,36.5,21.2
2025-02-23T00:00,201,204,35.4,20.6
2025-02-23T01:00,196,199,35.3,20.4
2025-02-23T02:00,189,192,37.0,21.9
2025-02-23T03:00,194,195,44.4,27.4
2025-02-23T04:00,196,197,50.0,31.3
2025-02-23T05:00,191,192,52.5,33.2
2025-02-23T06:00,190,191,52.7,33.3
2025-02-23T07:00,184,187,54.4,34.5
2025-02-23T08:00,183,185,62.8,40.2
2025-02-23T09:00,182,184,68.6,44.1
2025-02-23T10:00,182,183,72.8,47.0
2025-02-23T11:00,187,189,77.5,50.4
2025-02-23T12:00,188,190,76.3,49.4
2025-02-23T13:00,191,193,70.3,45.3
2025-02-23T14:00,199,200,72.8,47.0
2025-02-23T15:00,205,206,66.7,42.9
2025-02-23T16:00,207,207,58.1,37.0
2025-02-23T17:00,207,208,59.8,38.1
2025-02-23T18:00,205,205,60.4,38.5
2025-02-23T19:00,207,209,57.6,36.6
2025-02-23T20:00,208,210,54.8,34.5
2025-02-23T21:00,209,209,53.3,34.1
2025-02-23T22:00,210,211,53.9,34.3
2025-02-23T23:00,210,211,53.6,34.3
2025-02-24T00:00,215,215,53.1,33.6
2025-02-24T01:00,211,212,53.1,33.7
2025-02-24T02:00,215,215,52.3,33.1
2025-02-24T03:00,218,219,51.5,32.6
2025-02-24T04:00,219,219,50.6,31.9
2025-02-24T05:00,218,218,48.3,30.4
2025-02-24T06:00,218,219,47.9,30.0
2025-02-24T07:00,218,220,46.7,29.2
2025-02-24T08:00,218,219,45.3,27.9
2025-02-24T09:00,221,221,42.2,26.8
2025-02-24T10:00,225,226,42.0,27.7
2025-02-24T11:00,232,233,42.3,28.4
2025-02-24T12:00,237,237,41.5,28.4
2025-02-24T13:00,240,240,42.2,28.8
2025-02-24T14:00,238,239,41.2,27.9
2025-02-24T15:00,240,241,37.4,25.2
2025-02-24T16:00,233,234,32.6,20.8
2025-02-24T17:00,221,222,28.9,17.2
2025-02-24T18:00,207,209,36.5,22.5
2025-02-24T19:00,209,211,35.6,21.3
2025-02-24T20:00,212,214,33.3,20.1
2025-02-24T21:00,221,222,34.3,21.0
2025-02-24T22:00,225,226,34.0,20.7
2025-02-24T23:00,224,226,34.4,20.9
2025-02-25T00:00,227,228,36.6,22.2
2025-02-25T01:00,225,227,35.3,21.4
2025-02-25T02:00,225,227,38.0,23.3
2025-02-25T03:00,226,227,39.6,24.4
2025-02-25T04:00,224,226,39.7,24.6
2025-02-25T05:00,227,227,36.3,22.9
2025-02-25T06:00,223,226,36.0,22.3
2025-02-25T07:00,230,233,36.3,22.6
2025-02-25T08:00,231,235,38.2,24.0
2025-02-25T09:00,236,238,36.0,22.7
2025-02-25T10:00,237,238,37.7,25.2
2025-02-25T11:00,252,252,40.1,27.4
2025-02-25T12:00,262,263,34.1,23.6
2025-02-25T13:00,257,257,35.2,24.4
2025-02-25T14:00,252,253,36.6,25.0
2025-02-25T15:00,250,252,32.2,21.9
2025-02-25T16:00,253,255,32.8,22.0
2025-02-25T17:00,249,252,30.7,18.9
2025-02-25T18:00,243,248,32.5,19.7
2025-02-25T19:00,239,244,33.3,20.1
2025-02-25T20:00,237,241,32.9,19.5
2025-02-25T21:00,236,241,32.6,19.3
2025-02-25T22:00,237,239,32.5,19.5
2025-02-25T23:00,235,238,30.7,18.1
2025-02-26T00:00,232,236,30.1,17.7
2025-02-26T01:00,225,231,26.1,14.6
2025-02-26T02:00,218,223,25.7,14.2
2025-02-26T03:00,216,219,26.1,13.9
2025-02-26T04:00,202,209,21.3,10.1
2025-02-26T05:00,190,202,21.2,9.9
2025-02-26T06:00,171,183,19.1,8.4
2025-02-26T07:00,164,175,20.2,9.2
2025-02-26T08:00,167,176,19.5,9.6
2025-02-26T09:00,162,170,18.9,10.8
2025-02-26T10:00,149,155,16.7,11.5
2025-02-26T11:00,146,152,17.1,11.1
2025-02-26T12:00,129,142,13.2,8.1
2025-02-26T13:00,127,134,12.0,9.0
2025-02-26T14:00,74,88,5.8,4.7
2025-02-26T15:00,34,37,10.5,8.3
2025-02-26T16:00,39,38,15.8,11.3
2025-02-26T17:00,35,38,13.9,8.5
2025-02-26T18:00,21,27,13.1,7.7
2025-02-26T19:00,349,358,14.9,8.3
2025-02-26T20:00,311,332,15.3,7.7
2025-02-26T21:00,281,310,15.2,7.9
2025-02-26T22:00,254,287,15.2,9.0
2025-02-26T23:00,256,277,19.8,11.0
2025-02-27T00:00,261,285,22.5,12.4
2025-02-27T01:00,263,296,20.4,11.1
2025-02-27T02:00,263,294,20.5,10.9
2025-02-27T03:00,251,288,17.8,9.9
2025-02-27T04:00,249,278,19.7,10.8
2025-02-27T05:00,247,273,22.3,11.8
2025-02-27T06:00,245,271,23.0,11.9
2025-02-27T07:00,248,274,23.5,11.9
2025-02-27T08:00,248,272,22.5,11.9
2025-02-27T09:00,252,270,22.1,12.5
2025-02-27T10:00,265,272,23.4,11.4
2025-02-27T11:00,275,278,18.5,11.7
2025-02-27T12:00,278,279,16.0,11.8
2025-02-27T13:00,280,281,16.1,11.9
2025-02-27T14:00,287,286,17.3,12.6
2025-02-27T15:00,288,289,19.2,13.7
2025-02-27T16:00,281,284,19.5,12.6
2025-02-27T17:00,263,272,18.9,10.7
2025-02-27T18:00,241,261,21.0,11.3
2025-02-27T19:00,241,258,25.7,14.2
2025-02-27T20:00,250,264,27.9,15.1
2025-02-27T21:00,247,262,26.9,14.1
2025-02-27T22:00,247,261,27.3,14.1
2025-02-27T23:00,244,258,26.9,14.0
2025-02-28T00:00,244,259,26.2,13.4
2025-02-28T01:00,229,247,22.7,11.9
2025-02-28T02:00,236,250,25.3,13.1
2025-02-28T03:00,233,248,24.0,12.1
2025-02-28T04:00,226,241,23.0,11.8
2025-02-28T05:00,222,237,23.7,12.4
2025-02-28T06:00,219,235,23.4,12.5
2025-02-28T07:00,216,230,24.0,12.7
2025-02-28T08:00,216,226,25.2,13.1
2025-02-28T09:00,213,221,22.8,10.9
2025-02-28T10:00,211,215,18.5,8.4
2025-02-28T11:00,227,225,15.7,11.1
2025-02-28T12:00,234,233,20.2,14.4
2025-02-28T13:00,231,230,24.8,17.8
2025-02-28T14:00,227,227,24.6,17.4
2025-02-28T15:00,224,226,24.7,17.4
2025-02-28T16:00,207,208,24.3,16.6
2025-02-28T17:00,191,196,25.6,15.4
2025-02-28T18:00,193,201,27.8,15.5
2025-02-28T19:00,200,207,30.4,17.0
2025-02-28T20:00,202,209,29.8,16.5
2025-02-28T21:00,203,210,32.0,18.1
2025-02-28T22:00,203,209,33.4,18.8
2025-02-28T23:00,206,211,32.9,18.6
